temperature,breathing_rate,audio_rms,zcr,label
39.488113757387666,44.90043602931578,0.15698176412413106,13.270303157331131,1
39.14089828706579,12.996169482906874,0.15043365569878966,58.66073414663848,1
40.88523756316948,14.24235861233483,0.4588343088358938,10.364472613121956,2
37.921407439984364,55.12768769053934,0.10505235990351346,97.32579286889279,1
40.17009263792973,30.607782768698,0.26931794108557927,79.29726467990893,2
37.89871280569228,14.449033745170716,0.12897293106774327,89.81539390299605,1
40.08675383538207,27.612535104415144,0.3402180655777835,54.288383731676944,2
40.70671624836638,10.494352847440066,0.3738237132539392,90.97098289157279,2
36.92121710446425,49.08234745356414,0.3954452611491537,0.15998639294608763,2
40.83350296289236,47.146840016708865,0.22535229340724233,70.44105596886459,2
36.21027052925034,37.56687870512704,0.1711046012061802,69.25862320364551,1
41.24793283856346,43.31964247187841,0.11011168386169345,85.37363190138866,1
37.074622549265364,28.123307547079005,0.4777062710452539,80.65766143449312,2
38.24464218006215,29.18340953106635,0.08709102710684496,35.17462234411678,0
38.3080740341311,34.41248326367547,0.06092094392896872,38.28764299271688,0
38.33578864489851,23.40026915728879,0.09952657078807431,24.7015989646725,0
40.86969673493079,34.66054146683255,0.31904220720417237,99.1352885735392,2
38.42358882503498,36.65822031227785,0.10123278893944072,19.78738713567515,1
41.09153556959126,23.81592755674077,0.28137154837130285,10.405436557550319,2
37.05311247321702,25.152021443402585,0.20112230084295957,24.8146323036609,2
40.4559420439732,10.269024727429457,0.30418651575307354,89.91037373543925,2
37.14172006171956,56.43006560983104,0.4697642654328759,70.73990954505166,2
38.847384089773975,53.939378521841356,0.4708871067758936,69.45086336554395,2
41.03698473345646,59.09789374208512,0.3468328787211453,72.65506200216811,2
39.08575945977681,15.669958591297641,0.16235566597940418,66.56125037827188,1
40.07401763416685,45.53353059291342,0.46243429472674713,19.196837216805186,2
41.414630251427525,36.02052998993903,0.13568655577912583,80.13826059140132,1
38.438450059220585,24.787742440306673,0.06777185979570846,81.7317805189508,0
41.96223044212369,12.12145054390584,0.38933632561384923,61.00963268833838,2
39.225853209283606,20.467710772757314,0.1930951057821136,32.06904893469952,1
41.23356325311678,58.965832207147194,0.3048203665133062,18.154757833158186,2
38.21666651510631,39.5764370156198,0.14417142157373897,50.79995039828977,1
41.25310234186658,28.566162180550812,0.4922037589543959,49.93498158754459,2
38.039776345933895,32.28080403967225,0.06526663454278478,37.86991815368985,0
41.7248553838963,53.81280702441629,0.39402845814303644,55.248468746785115,2
36.94709273168403,37.76578659375871,0.11787716331679807,76.34822689598792,1
41.98796979474571,45.19576833366595,0.27992796243836315,96.25806087825909,2
41.578742517765555,55.36883127136755,0.42483987889271546,31.04654629634028,2
36.24789318558057,33.864984749707105,0.45333344401082304,4.932681102284864,2
37.60994199576562,55.593890200540876,0.1711928052065365,54.135831766258235,1
38.85278533739621,38.34967008445802,0.12379520369977882,94.04747171362699,1
41.816947765239036,32.369869979585154,0.4297987465329749,20.254412452823022,2
39.340575210360235,12.576149769664926,0.19028810793219925,76.19193216341691,1
37.95071946908345,49.82187883194941,0.164152260593441,34.163209319426294,1
37.034828770942866,13.424549729777082,0.45532502683575354,1.0546418496710008,2
40.22520500623498,19.052155645429153,0.24030800771328806,77.93554589922518,2
38.315680344064134,12.138251659738005,0.491141601389029,70.7870420726145,2
36.17223310026906,36.25965406960432,0.12298814965436104,34.1640324843684,1
37.62013124287493,29.026734064308638,0.12079488122970333,66.22087103560146,1
37.62304583492395,36.68683008437873,0.19105598862154202,65.76416692196648,1
36.12075417356272,59.409644084793044,0.3036020396006534,56.485394936419794,2
37.32977869256493,11.692417406712792,0.3516967064874112,21.759822084989633,2
38.68611924190882,42.27188593830698,0.18046657356940504,8.79745694696209,1
36.726253105036236,57.47095801018703,0.38619286332625835,52.89939334206012,2
38.92697962060077,34.510934930547435,0.021773606447956832,72.13062961837348,0
37.645861150432246,17.447412323290422,0.14852320841068145,68.31531779899352,1
36.3003112280741,50.57641434573428,0.49637504981389663,91.55992288679862,2
41.84805939649557,24.73361404758026,0.2577196368798966,67.83836327052163,2
36.06398077451025,42.11370858401932,0.1195484315368866,50.228404583538236,1
37.37882020436876,32.670669442251445,0.2923986730118567,55.02061480940284,2
37.286527094303544,13.136605100941104,0.42189075042339297,86.87180788485685,2
36.48484228012285,22.75708011736635,0.40443356486563375,14.13626014732995,2
39.805923013933274,14.39515425659972,0.1611766780681088,23.725973011091195,1
41.635953106850636,27.925894938576825,0.2763655715536412,19.400416063353475,2
36.449002991005315,28.793758426254787,0.3615537433731021,48.886453374292074,2
38.73857954830936,17.517078136796822,0.0936799029337859,13.994990038104493,0
36.955533368274,27.912418443624688,0.23154256758096742,9.84219493342965,2
40.31857693923952,38.46778841247463,0.1762796732787376,3.975497264459893,1
36.10369205596929,57.295563128465965,0.37455695633028174,64.45525437353382,2
39.48529630517054,16.435910899194397,0.16099549817291264,18.76339231629045,1
40.923122864609475,44.225886341469355,0.18816812470656352,9.220464460279187,1
36.878465173129854,31.03960840086603,0.38498286592640385,65.30444167296467,2
38.606123475737604,23.633333868147595,0.050901557813316886,97.45689177685965,0
40.50534919806926,27.71922389779006,0.2929008825968895,70.74748161274272,2
36.49802460391122,10.997387563097657,0.22784707894546588,2.8456143305920722,2
37.94527470292886,24.836642154940943,0.14033569042276434,69.18482199704185,1
37.83119949370136,15.336979589663832,0.1800618788355551,10.916370097818785,1
41.55538084315643,28.38047145628934,0.314727558839932,45.1392961815711,2
40.1109285883827,27.386158381229166,0.30182176319729587,66.00468159300078,2
37.93057237629655,35.615332553970944,0.10727497710631229,29.11090765234958,1
36.6548617670301,30.858979646376408,0.33555812833713644,52.322820831813885,2
38.542400099767754,41.126685732192094,0.13314992814422583,18.332312149607866,1
41.13413871956123,51.03255873467762,0.29334209545231127,7.32751099838691,2
39.95259295854466,31.73966247451089,0.18501544600542236,14.814043281896483,1
38.77631434583518,27.69148070181411,0.01069189969981432,99.16312585273509,0
37.343423202390646,21.885107054627714,0.2272430074374314,1.8025205285995272,2
40.18453023342281,16.89159899960226,0.44714818710777826,97.93387320507586,2
38.4959040648226,58.917510434547026,0.47555850607660555,77.88620118700685,2
40.86729128113539,38.31559194825627,0.17908950514578933,86.28055462914055,1
37.58970595070981,50.640031868451544,0.19830919272322972,77.8975162011392,1
39.47464728978568,48.72149714302612,0.1285612374582153,11.570750785412375,1
36.636863917829245,35.30333406571533,0.11220004150033404,71.19841670925777,1
40.34045567589833,49.832225663002326,0.34600216381583443,92.38737768632834,2
39.983059666710375,28.794575913472677,0.12616979122404376,1.4596433988563362,1
40.54298251983367,47.78178585771962,0.2820659348605068,96.3353972311915,2
38.67951801884495,20.616016293993276,0.019378626381477793,73.6194058679317,0
40.960862346627835,39.19090567830537,0.1166096215040192,31.354162473956727,1
37.902279817851166,46.86557842272638,0.15152883806716116,68.8949272669023,1
40.79192250043577,35.96281471196416,0.18263244638828882,45.162619021402925,1
36.95995559486836,47.21577843435303,0.26710293434373644,26.74532782138418,2
41.40767047257407,28.01397452314375,0.26432756607500085,95.81467672342714,2
40.24225165754533,55.19504681015741,0.2873828053214505,30.912745094223716,2
37.218212007420775,57.74716812052326,0.47375273962091435,63.31577231295291,2
41.94809145318908,57.19352169918821,0.47243234514403964,24.53007677693947,2
41.99143428381423,56.909936377604126,0.37137388113832165,88.55488612751911,2
40.182713909961244,14.71707414843845,0.29076339051347677,61.30914659376698,2
38.81712649384554,35.21567728734563,0.1493584405291517,80.65902791854963,1
37.60763462261933,27.536801717499195,0.12391639790343484,31.019598503552402,1
41.612529808645355,44.08005828485178,0.13768879650379184,71.47291609999144,1
36.86923088778738,43.95407405968844,0.1952570874110645,68.65990070265143,1
40.937205176464786,55.839093837255874,0.49812470099481515,47.89012300940333,2
41.59130387063771,58.65203018136313,0.20584365421000594,95.8240169200005,2
38.21881465942674,58.24960974039781,0.4003894348390936,33.1556906027947,2
41.93243043614785,55.06035767522849,0.28983928580035245,38.36695892841401,2
41.65550325880675,21.77608721001246,0.4385733488335747,61.821765267000536,2
37.92261591933044,49.23307541745726,0.1403758386921109,48.975583346542386,1
38.86635396620174,51.543658794825014,0.43502088286721263,40.40071181127568,2
37.837131582633766,39.38020992210144,0.12191925399323061,37.2307631826467,1
38.51716315405594,56.19976893194572,0.44674519016376896,87.07213457652416,2
38.72772961563815,30.297533796491464,0.07548863737646525,12.717514392156449,0
39.74467340435349,12.754948533175543,0.19902564103025183,25.74467796500968,1
40.49862973982314,52.915545908079096,0.40489510221919733,39.801515679668654,2
41.68063371740287,44.5781215858009,0.19730383628141407,38.58549071242773,1
41.52884593798404,11.509348453912368,0.2693003200670929,35.64156037097377,2
41.66468016413546,19.321623946421475,0.2765773602137774,16.885445533936583,2
40.72219264145143,42.25821073290717,0.1257733607616264,76.36273600585304,1
38.78052930800098,53.92423235693533,0.42283729337053777,69.94279601350199,2
37.49290787077578,45.69097370921227,0.34526697646068194,85.50353861932342,2
36.32329646934181,12.188628875746629,0.23784442465652428,41.93295090136955,2
40.83694863833369,51.859353005603985,0.25386668088861436,96.82754293521019,2
39.46624831953029,16.935195062016,0.17359393472652107,96.97796205683156,1
38.06204432989678,55.6105768734482,0.29484132655945483,8.984448477432617,2
39.01676570109836,54.572199043276015,0.1845939444084869,72.92395830149812,1
40.33520817717475,46.18744032768499,0.2408062039794049,81.01224905196138,2
37.5756508921396,23.274898008409036,0.10253626077379291,4.854109475934843,1
38.579687138306696,19.897703037834926,0.028772782666566805,80.40561440284395,0
39.01154215511378,30.861934629926793,0.17905648711168903,6.202785606320893,1
36.48497082207039,38.11942742940417,0.1708414733955158,88.6907704516359,1
38.01558417771629,21.106621269006204,0.07715009226532234,41.10209196562262,0
39.75564287844539,53.45288122709949,0.1073320160127811,25.070860795025563,1
37.8767344635714,22.41401427881047,0.13070837709895275,32.79649859597086,1
41.19000208510551,30.201564352791372,0.45049485138284096,87.90030769310442,2
36.045978813087174,58.57922800360832,0.42689843685574624,26.10376122485206,2
36.96575266768434,57.78231552535948,0.2820338980232072,21.039504874811332,2
40.24115566356741,28.890067823341628,0.3687472601962689,8.26403419347419,2
38.9153789677839,51.75155459167959,0.3766587646465881,13.114772968583033,2
39.58535292165394,28.142721569452142,0.10554227261246876,26.948817750784325,1
40.35540623227821,25.893195834419288,0.3099882910650442,1.844133322006103,2
38.91094113202045,49.48226305690205,0.2514070636628093,67.02477800262616,2
39.50084317754719,21.48518271339664,0.13634532519965298,2.921251455693863,1
39.424171133368155,21.075196496783278,0.13873112660705805,48.33496465352659,1
40.43917841359178,47.754783896491354,0.3384351498041772,16.40134662981938,2
36.457640300121064,55.349746998341836,0.4079167236202797,88.14070468841807,2
38.027473618602095,33.41692841771219,0.04792281474640952,0.8796520286224019,0
38.03387682125663,49.91711459265292,0.46508707856030274,3.5517212471072757,2
37.78261959554661,45.84367662549125,0.1230407260880912,80.80522087420977,1
40.68273249142663,39.917987387948784,0.15489692847818906,0.9192916883626334,1
41.80760033250922,21.523315491166784,0.2913427421202578,80.89028059896935,2
37.1005583176098,12.250313363267475,0.2508022814169969,55.56449027774926,2
41.66161801714268,31.988540872794626,0.35824702817407206,75.29549508116834,2
38.48236070938304,15.175537407987001,0.020863457276192116,72.96439396520202,0
38.87486316880184,13.737898375918775,0.4893009681971792,5.986863616719562,2
36.62362018777148,30.09263994908672,0.44440585120072795,61.423299084217135,2
39.06704669160749,15.489315823849811,0.199801920240114,81.57632438216014,1
39.11149137789322,40.36790881149585,0.12818059563169326,67.19451389567688,1
38.78322454569805,41.450264459988475,0.1506357705461919,4.02734816965854,1
40.74113035624024,29.069011583281725,0.46343813400348227,54.42876623334961,2
37.72670015669382,23.091637803533462,0.1960272369199253,65.3322678449893,1
36.84186254837822,19.700128635850575,0.4838228345430127,80.65407920308188,2
40.31921490689763,16.90516082908234,0.2489173613498521,57.5951503279188,2
39.842279766008545,10.873750226207337,0.1338879567165708,68.27917129145678,1
39.051845454549266,41.673051711161605,0.1829748823688253,72.74974454057164,1
36.87704990382223,37.910915344329965,0.1424567521953081,2.3821174974657633,1
38.93817789020953,27.369816000533255,0.051034647377935324,5.465398207099259,0
36.95330274959955,54.06571575675191,0.31759562624305315,98.99729755554166,2
39.97529861671212,32.325205196341614,0.1267610804461158,40.31088604142769,1
37.80508637552239,51.613155114790175,0.17096620670233728,36.615611573437725,1
37.11378776747029,30.427546393119083,0.3980599807569516,63.41374745814778,2
39.653287205577215,54.43130077290937,0.12485686161704906,91.89306339995399,1
36.50929972515932,44.00499099232652,0.18296609132652542,9.530136370499154,1
38.77135691345716,12.629235832548632,0.2554239501663309,16.920217037813025,2
40.85982062335654,21.54789259512193,0.44974542844238774,95.98129908838085,2
36.50689601260457,33.60223009564801,0.4260560474515591,18.699857273663966,2
36.52541285713304,38.24692454855699,0.16283443199576192,17.38956512290748,1
39.605514736451184,58.51716452092261,0.16531963875691866,7.450032448556798,1
36.12795499540353,36.40167273594298,0.1048161844579637,74.34021566925576,1
40.93092707659731,34.43948036123038,0.44763378362234874,89.28456507978969,2
36.80307124954167,41.48949166882927,0.19730888709461442,56.47156405040518,1
39.67259218190542,34.99640351455183,0.11670840204277193,30.15878116831732,1
36.015707904440504,18.38472910527647,0.29097431611191593,17.91221736361387,2
36.05009704412547,41.93059620560308,0.18167392541249947,88.22844496639803,1
36.262835564193345,30.55914813136621,0.4156972551023594,1.9162590544084313,2
39.10360556170144,22.073996557491245,0.12039152050082733,88.6601953561866,1
39.7258257409388,51.45297796404226,0.16951858300998385,19.026824048669244,1
41.74157483345672,46.43159775261407,0.39265225232114853,24.17174457657393,2
41.756037753772375,20.595659326094093,0.44701543956747486,51.39850171940523,2
39.50592999266611,38.56312049665732,0.14581980320430415,25.079159187013556,1
37.227762742543945,55.32388850325199,0.48464429094603717,6.749996209829289,2
37.93486868139599,57.336215061840214,0.1092563577533628,16.4042716768366,1
37.52435011481501,48.25921385079323,0.1955321262276792,35.518527407670106,1
40.61825169401704,49.403346628988466,0.4279684510248665,74.63981881969575,2
41.431981817351954,40.82775722066319,0.19514083927457693,19.159443819112486,1
38.21679464225411,15.832860773753213,0.06327790184269591,93.52254635656664,0
39.4011512142543,49.24190223686672,0.148036970518124,33.44260673705838,1
36.91083234939477,39.95492085149346,0.1824339283834032,8.098207470340169,1
39.37805025491326,48.46246387936173,0.1531067795808671,5.138890529600893,1
41.18321152815161,43.144665178970946,0.13334884692434462,90.96241648968586,1
41.74380690087517,52.32070153419728,0.22722353798247244,50.0504942656234,2
38.22467694894065,54.105845502934,0.24026804242374264,39.088505013324315,2
41.253679196146756,23.247464429828298,0.44498395246420197,9.222196889056967,2
37.36956024262622,54.27741902623966,0.39316357301639104,73.8298879296625,2
40.05515335849898,17.248456153602113,0.24625121270455924,83.25106800912995,2
36.43673549520737,49.61620919761078,0.39976716116251176,48.28533507712881,2
39.92451413955787,32.11563509981789,0.14217949351168963,22.63756672173124,1
39.68843269733803,56.488170693748394,0.14587690022063493,24.92173521496729,1
38.30979557268563,13.09137898122988,0.4798154242206017,22.47760647957976,2
38.659456633403884,36.097567535926004,0.19626564717918624,84.11996236690422,1
37.96602167430439,46.28965781199818,0.17501193766735015,8.405580365629861,1
39.1454014813081,36.100342906484556,0.11658142132398573,68.36525917502748,1
41.10499913828893,28.90473046857976,0.4925625256286676,28.994705697810886,2
40.67816598883396,42.56896059325234,0.18641275627373305,64.86564256095461,1
37.24132687811936,16.19025579413156,0.372131083855432,17.463193259580002,2
40.01313828267129,14.271870518806399,0.37120001136049496,7.974621554522631,2
41.1061200030036,17.403769853654968,0.32602879834125953,9.101541651814326,2
36.69898347993261,43.361197955817836,0.14715199084216715,54.25609883248386,1
41.07500589655592,23.392278109529638,0.2175692875378989,19.366475254215633,2
40.586004457810304,31.48851530258009,0.498834248913356,73.58313934068102,2
40.20732421365053,15.438420260629012,0.3463836646769259,73.39218651735888,2
40.79096811511108,32.50367808569358,0.42777994086471394,29.24791219501922,2
37.48353143051367,19.245368005552713,0.42921937926704457,6.082957088294094,2
37.7842651322578,17.44529802743922,0.14512122876417177,27.437046689248746,1
40.49784188085519,26.26946663962906,0.23018365780134456,72.81469480521916,2
36.11138279476568,15.423039098047461,0.4951508985560266,33.399120208128366,2
41.5352599503671,19.06046284033085,0.26298636636306905,51.21869265465192,2
39.8737175495414,45.09045154653166,0.13789960543320906,9.434898283029936,1
40.5743845361297,16.89295998841848,0.4615066004832448,46.25793439739885,2
41.54571701250778,50.92507432015371,0.47584889159128924,34.585973444844385,2
40.39007741491414,18.873041319537172,0.30252114482620973,74.19042803766087,2
40.38111109367642,29.09448682749722,0.41441369962267716,45.707372749988416,2
39.8497980141377,27.394803538004556,0.12605175420887632,60.510387893574055,1
36.44327300884373,33.44365521454269,0.2798539491252829,64.47071069838867,2
37.22715054137082,44.95243956705495,0.16813912989368024,68.04178788726443,1
36.00898893619049,42.06782572019415,0.18708536980324192,96.78138913382314,1
37.09184139096972,31.701927119774854,0.31334352049034386,1.9770864971743296,2
39.655422491536854,26.870750771972848,0.19527973740072876,32.24110908882955,1
40.19613526405648,17.65059766407147,0.36432621834044465,88.25926814474391,2
36.56078853312847,24.411030853320245,0.2269028965037448,47.47738486215719,2
39.52939248878046,44.334043026983494,0.19855812665634623,24.273802557786752,1
40.43630623630481,14.331339116027467,0.34947830754748094,11.844661855232596,2
39.537890744182185,27.39281607046931,0.12324240235267037,78.4461641147374,1
41.76155154171929,38.91349079013305,0.15948639778632112,43.61089803948003,1
40.50464584294253,31.825654523364964,0.2801412419038104,81.95803859512266,2
36.56922670631233,20.05397821671538,0.4384213352226912,95.25230938604962,2
40.397028299815254,33.2943523712258,0.21495139732762744,58.20000819433493,2
40.512592912047104,12.024888790639057,0.24316418789158506,41.50851289924066,2
38.469125404123915,29.944693829344917,0.04293466261546301,7.368438497774498,0
38.37577020222834,54.306482670449945,0.4064659102360336,32.11968165757211,2
39.043871612213515,13.759923549270177,0.12078879942897214,53.12626622171005,1
41.96917274796385,58.373482843606375,0.20250628130838014,50.23857606157796,2
41.118298349913125,56.67604350672463,0.27183355640895046,91.98057000881155,2
36.70395997768359,35.26051607242549,0.10229338993177756,85.63172645490012,1
36.893052422942404,52.92954857348543,0.4303590135513632,31.920168688632224,2
40.81434947066999,42.791254698873715,0.17614484187703414,82.99697291430952,1
38.97257961198349,16.312390520167504,0.07223550472616079,32.6510129582448,0
38.06140856509057,58.91939414597264,0.36560552151369674,89.27437743248782,2
36.32013536777253,52.798587098362404,0.4960537882491454,34.75016503248944,2
40.57890524732494,22.456974381008337,0.2707755499859015,73.36770149049029,2
39.74892609334482,55.946886521793076,0.10070071948107817,78.40605917445377,1
40.24022592803705,53.95135652123789,0.3889168401246873,74.68073763468708,2
40.38647233313412,30.068002713371204,0.47026728597229855,86.32562434572748,2
41.55479847856854,25.666113279580017,0.20191227670909426,73.5489783987297,2
37.035460729341295,47.22247282366893,0.32062621598869956,47.4117582436646,2
36.143021678396785,31.32515301320944,0.20684552626684713,0.960451222065839,2
41.390965363604,39.128081085703,0.10487006106367013,29.937554269009503,1
38.96599205220567,36.361133532310866,0.1992299025099235,52.246342705297735,1
41.72056402346761,16.72505985090119,0.36633267185316876,40.699925017983496,2
36.369652084393394,53.075500338335715,0.4540819510340675,41.640589627079514,2
39.216975352279285,22.397606331948435,0.18796078486207804,17.19524854115887,1
36.869523468328644,37.1398143249922,0.1911231178879353,0.9135755779685173,1
38.967218476523236,10.74939043801317,0.40775426374443724,27.834389052808937,2
38.474403524318454,27.93581917213875,0.055656141506841575,8.894776763918511,0
39.68664211688891,17.054034325695273,0.14938448944346963,57.01038016174835,1
41.758341021928885,13.852452616059232,0.43869032427139176,85.86727150890206,2
36.64575146166132,20.684928847144455,0.3636375930271627,3.7257656373462122,2
39.84463522955518,51.18299424391388,0.14839790500212846,67.27584537361594,1
39.56206200391151,18.435741625105248,0.10500986743620205,98.26697806424748,1
36.85534389206623,37.33421749634077,0.1550781039747547,72.67628203818482,1
36.14671114324755,23.858074172771005,0.309471112392047,69.59791600213846,2
40.07533530848621,22.44511755501857,0.41197882970863403,90.66000213910647,2
38.720838689376684,55.15099799851628,0.4033113216606644,3.230845409931815,2
40.15219232710028,23.262511372801193,0.4701484189251795,45.50893008201034,2
36.81936832068638,44.69341941507588,0.11749661379397747,66.06660648308709,1
40.16552061566203,27.067399286181832,0.37841761256184814,41.39474930106831,2
36.399747459142155,12.370367867586681,0.3871207218572802,29.11522338246211,2
39.223675328353146,46.479656465162336,0.1436276181647261,26.33457625638831,1
38.99934747444748,24.717964605700708,0.08057964993027784,75.70707846386978,0
40.011402220030256,17.03961107298761,0.20572064939870435,1.6917343852170585,2
36.99127925440098,36.877715285739725,0.1961552604725231,79.09276571191162,1
40.809437747351936,12.747882845890986,0.4113618376623876,11.914770495889481,2
41.622872760013244,35.25346628002539,0.10840723665196662,55.725588501509115,1
36.394961810587056,23.267361767051366,0.25091305365920596,55.67145334152551,2
40.75937744805415,58.11836341126208,0.282339427916917,5.95194925879865,2
36.45671262185372,42.240700021372675,0.1755276239364403,90.34223751930634,1
41.13896779110907,21.318523119122972,0.47995893563323583,44.20904603754165,2
39.50307583207274,22.68175721691755,0.12322913824740744,52.33919036419101,1
40.98196834950916,38.06532556489148,0.1514403655517155,95.74914301673519,1
36.01722142073173,21.12192268845522,0.4056553386167645,46.4237461276016,2
37.494084418586205,42.76936498773082,0.14225451495576416,56.26414850619147,1
38.65679359236679,54.9211850840179,0.3372023498145035,54.56394907983854,2
37.74628957235703,40.14209018449819,0.1395208035569193,19.307263628269578,1
38.25958249208782,25.71617914089252,0.049224276626063185,67.97610742856244,0
40.88502858867683,44.81622703036843,0.17639009241927045,51.620215131251314,1
41.13885779966524,50.414708861001635,0.22470638054964004,0.7515250389107386,2
41.54281971411805,45.79574227119354,0.39257476811071246,98.12166445730789,2
39.82316043455009,54.632855357613856,0.12567385351999727,37.22697286952137,1
41.185576581423156,51.96480698243928,0.38786588573046876,56.02177327290241,2
40.01455793340609,31.503463418764284,0.26091063920176605,67.65721301274549,2
40.153367077414,24.236812639891774,0.4100662329970603,63.06996819550519,2
36.209872423285454,24.638058982376457,0.2799388119051101,78.90744807260536,2
41.403619674025066,56.14781350465796,0.2866827919139824,61.22332013531112,2
40.91122316742032,24.404516564503716,0.2335110983143045,55.449382508437814,2
40.49988419700023,48.02898282353493,0.24041972020073962,24.197518760864256,2
40.607033817757525,37.84568977540646,0.15866679900007807,69.4084383961309,1
38.6351931423569,28.541300708890212,0.03170149928417904,57.58866211401702,0
36.66374186471377,37.277319796206754,0.15856958499066326,20.35650870349216,1
40.69905755014938,52.053975715717215,0.318012913829236,71.71911607575787,2
36.12985557149176,17.547856203289697,0.22609803858955335,44.90633747146854,2
41.203415643292665,33.70105467353294,0.4215543519358117,39.68926077100635,2
37.764508443683276,12.616098840607423,0.10506226442380305,57.97757996409728,1
38.43287685244841,56.61783675409459,0.38655969351697184,59.639535017490694,2
40.84355024411934,31.762213738252928,0.47363603830387385,43.63394907734609,2
39.294405208849355,45.96853831413296,0.1692095731623487,70.93309329263484,1
37.63091701184647,13.04383909604109,0.17595796293946414,92.94315529775501,1
37.43418352978784,10.375035032870203,0.34697493168800264,85.22219055668188,2
39.58040201339627,58.15465977876494,0.1621771607237863,71.75385214799124,1
37.76787882731364,18.214887586833225,0.10406162503473276,20.68464121296305,1
37.95400555924351,39.82204159430228,0.13152354981808684,76.8689190604914,1
37.55638220693922,15.388646882623338,0.15451381462496144,22.866986533994005,1
39.443795664367094,55.590854584349394,0.16899212376634173,70.82770805482586,1
39.094426111074995,45.53169947546893,0.1470668088749107,30.313069787580403,1
37.38211729523838,20.65059673114473,0.40929675067842985,88.2730196503699,2
41.35394790356378,46.91957887320227,0.45231868680074694,81.14705691451182,2
37.86110019322747,31.906105275483185,0.13007645826196507,69.58182587740261,1
38.370058673819464,40.9156386091839,0.11319718837452826,23.51672722178153,1
38.100405121128084,17.436275785599385,0.04268815784313188,35.771578472812735,0
39.148666705011756,33.18217029599844,0.18110038177883528,42.53690692910005,1
38.864018347858064,51.71629298075833,0.3905913728926571,68.33671311308086,2
40.627270344598955,12.951473837104036,0.2317137690315324,15.774104887492946,2
36.97740168410057,56.681330446341,0.40960113226270456,18.91861940805004,2
40.48931475646114,49.60202567343627,0.24892613629755087,9.596323314784371,2
36.84032709605824,56.738653968010276,0.2309561909025748,12.058988711335028,2
39.323294651069446,17.9924490543139,0.1775833176971241,1.101528220908532,1
37.364340485667704,38.70033368035563,0.1053147536390081,56.641753736827894,1
39.875979846222805,52.15978758541783,0.14765010912861198,16.337923109945674,1
39.3659262626055,22.216306917726644,0.19346579338266937,62.08990960797167,1
40.19066609965126,55.17721416783494,0.2657992841711925,31.612572977456132,2
38.01120163004282,40.52722835282077,0.15313042047791764,0.9292763246080304,1
37.62671263297066,47.272084632837135,0.17535804844135436,40.23631297929613,1
37.44417419988975,27.2369698203864,0.20047070171574316,42.246329186452726,2
36.02563608402938,36.7136282217113,0.12966854235934389,97.5385792687442,1
41.193777170965134,16.152262556499522,0.43272259625784426,23.623128346066203,2
39.16502013889026,26.191759685308444,0.1998195271299519,0.32097250954666867,1
37.25528116901115,58.00321338334245,0.20038053925723714,63.00295202708076,2
38.85287454940327,14.739168717420977,0.33503353997564533,8.43843504277354,2
37.812655244568035,26.203660449271585,0.17418071076901973,59.6801228290337,1
36.61587861171068,10.015271545901197,0.23055953577896962,58.98566120807832,2
38.391514211827364,17.786917357006324,0.05439595425483371,73.98582744601686,0
36.310997792092884,15.8015345170778,0.3265834850578051,86.49220924903781,2
41.980342479594135,42.87845478377108,0.1719761614725928,85.59796040245968,1
40.94272202212481,18.951161354922775,0.2996410045562136,55.2037567711673,2
41.77741931012285,21.885178628081594,0.4985021657192789,82.51636296609838,2
39.80339258919916,26.50650380493116,0.10741561533212544,88.18640779081501,1
36.53511309266082,10.267171821475925,0.359033117025803,24.617725584450966,2
38.481195288536746,39.18749039402375,0.18666896277039394,57.36810340172893,1
36.759332228728674,35.03162308663428,0.10167638652746497,70.33127069813473,1
39.34615908575242,13.45632011151174,0.18310721922487827,89.58656698385813,1
39.24990071461423,51.10559290201786,0.13351286521995642,97.21787044496068,1
40.99623136260514,36.90696793086956,0.1230613139674073,24.320284964701923,1
41.26209224084518,18.81977212658805,0.2993484896242714,33.22364193053833,2
40.556241079638745,51.57775521716686,0.40978597548572787,71.46197687643938,2
41.57997563060274,12.228911362992536,0.3395111941049895,41.59982603417426,2
41.21596691676401,42.14359346434119,0.15856740107665507,85.2307599795912,1
39.60078850167571,58.707600415683224,0.10141543304765674,89.48092735080068,1
36.329564292648726,28.146148585749984,0.3226016717802221,18.564035576493332,2
40.83571637128555,34.04603667245248,0.4068696347091728,99.16496891336969,2
41.70267831488619,58.09947102825715,0.3737140714601711,67.78253499813043,2
39.07138098172716,27.178501051896045,0.14298434027330098,56.06362529406581,1
41.13772562808634,28.28159735701703,0.30970299720938455,26.24567308956054,2
40.909907901864976,24.738839259454387,0.4648868275709344,21.61789896139863,2
38.47817637160165,16.76011156208154,0.04104778453432355,52.1736026138776,0
40.090390914957915,29.564412401044322,0.32608514541100064,62.72393523634404,2
36.031086349644845,13.39053275912315,0.3549544875255265,73.2116012328661,2
37.93870832135614,47.553617346469274,0.18834399903037044,6.774769798967506,1
39.448486653536925,50.29577268189738,0.13182400999061614,75.55848261035811,1
41.431233595783304,26.591442273730017,0.3304879803790929,0.7366337295691694,2
40.81834570313506,51.97406062954796,0.2408888996906257,14.369246341282638,2
38.43973749780206,57.902277780972895,0.21235852214036705,20.489923583283975,2
37.53436137705904,45.856479808672084,0.17685474304617907,12.348318230467948,1
39.20073516316051,26.50692432865307,0.14427083417274347,51.225010912111024,1
40.68943373573371,19.941592791867798,0.23412126478529988,25.203028452135822,2
36.312130679804845,43.82871986925231,0.19868180564311053,44.48728140367446,1
40.42531577027517,20.236296260315658,0.4788149160138227,40.637559781987854,2
36.72475482003532,57.15099723639748,0.4580668191629579,90.88812724985235,2
39.51813108583856,33.93912911809714,0.17915716333261536,3.029577757923818,1
39.10515230967746,51.26802867676106,0.14464399062716335,53.081132817769,1
41.895785478061555,45.11802856452334,0.47693103949609006,74.00699975596726,2
39.52121808028404,51.77037570994465,0.12400370855768011,62.916062767180236,1
38.77658871519884,19.784039380524028,0.014689147801798114,54.965745210782,0
37.20465593637188,40.958710341548155,0.15751685451990216,12.194133573975286,1
39.93486666435213,10.538945799082185,0.1525285073414976,2.088539276959045,1
37.9554207889643,44.79902722651672,0.19237600860508755,95.46817407539048,1
40.4704559252045,37.76958633081719,0.19657603309426064,44.576868627053656,1
40.993463938770425,28.17800057364642,0.2499153542673542,13.068559942305713,2
40.30373840530601,23.307919841023157,0.2333300332187927,91.36317118385654,2
41.429893532092166,37.29593559009686,0.13115864756462794,96.08738085851401,1
41.20864882332151,49.870187951595106,0.30278918826345275,33.57964023221015,2
40.64025588064398,28.4441764193043,0.2916851869369856,84.63463709741114,2
36.58028423174685,54.81167120225153,0.335422117731955,21.761681972968372,2
39.887916049737,59.179254032088316,0.1012531508572605,98.06668641710453,1
41.52745488620839,44.119133338038395,0.17944865583330377,2.4821527160287626,1
40.4699713537656,27.066897476226856,0.20109854838313146,58.076795931872724,2
37.447958804683836,34.453304622150156,0.40303480327376817,48.12704249297883,2
37.36769664863431,54.68140932745448,0.27075957649544397,30.732776603148704,2
38.53938094783498,16.848702989338534,0.06395789281086463,48.318386702566805,0
41.19450945940651,22.574448636143988,0.36523268656766483,87.85906740447817,2
39.14226463277075,31.03857842012221,0.12489893072808211,45.48680405405086,1
38.479132134884516,14.248272421993999,0.45551549867694513,47.07505575485907,2
41.10660470427173,45.58682283093455,0.24949697190647843,51.75179241766663,2
39.94564862967284,17.306052288785626,0.19571086440963165,68.57081720664911,1
39.84045659990481,37.56088669727598,0.199924941688183,86.22228442891563,1
41.122185116171686,57.43371750078091,0.29293264355026294,57.14131856893234,2
38.35819383646414,37.79760621679407,0.13367992141519897,86.952282503646,1
37.96808004170106,20.643673219782677,0.136611161289203,61.82276953869987,1
41.0403809732285,29.65707542151607,0.4078803254740653,89.965178112183,2
41.01090979006757,13.532300460221354,0.378982343570749,19.047364102349796,2
40.756649357269865,46.483823045091654,0.32367915716147355,93.59848704891094,2
41.73201803903612,40.558746467893066,0.19904185139263947,23.309783816872496,1
38.485019996194914,21.45177219029914,0.09529433949398554,91.61378260240703,0
40.38661916032884,25.53716768378018,0.3001995022400495,11.002118349033907,2
37.914048428678214,19.496985298266857,0.1642282680142057,80.67145517416549,1
37.957822991661644,34.82397593039033,0.13002607588888576,79.21347504040402,1
36.1670430347251,28.12095328063186,0.37070116500641226,19.03210926767549,2
36.55836609315219,19.0800967762796,0.26110220528771244,96.28612559775658,2
38.43268884640928,16.08412613542411,0.07767140340908886,8.7869528227851,0
36.55014050044889,36.24185372463726,0.16852209032306747,16.19496532566679,1
38.7279119855588,40.68411318286442,0.12221447392847964,30.5868770186817,1
39.358204699745386,17.304726901209648,0.10949823651163698,86.12225584990499,1
39.46862006442134,40.65252405171227,0.1425872745352323,85.59849734795661,1
38.2158914088185,55.19201614021268,0.23299235104321736,52.06356354070751,2
40.89236051083091,25.78119892990292,0.24204944456552427,64.55425817085478,2
41.52682502925363,44.47071997755309,0.19162002494535,33.79026496619264,1
36.72434272403078,21.233936312816304,0.33439251787648683,55.43457362167462,2
39.2969036046368,21.920697733560647,0.18175769447550524,19.222954753222645,1
41.41369834472562,20.65660008158269,0.33617243465923524,97.83982101244226,2
37.73941042344565,46.160622125034834,0.15924753881046955,90.40154938487132,1
38.90598434208107,42.3054851024108,0.1376087059635626,17.90050150891478,1
41.90545776528559,51.25643750844872,0.32930289128135926,58.63504103098829,2
36.453008342190536,59.40362866157438,0.4551024400418394,1.19682444688064,2
36.70793132544483,52.501291615305355,0.29793013270051194,17.373327427007645,2
37.45926530111625,35.57947319592894,0.14881299458341174,61.59277609410994,1
40.892074226922894,25.321777441803363,0.242023197710551,46.27213886797652,2
37.366160002448474,55.640867079353384,0.341262364336541,87.77689087024584,2
38.39520347499932,53.4414725016826,0.3854406675908856,71.94831069422415,2
38.79678578535465,58.23073955207936,0.4452020355757985,90.12139502349476,2
36.357077952736155,24.112014265454114,0.23118262964393832,7.743957957206371,2
38.5738436700335,13.526239799552744,0.4223359893370411,51.351671461387504,2
41.00699541994343,23.209562668884917,0.3596004742806834,29.10029995248419,2
40.093891381386584,15.606332207259772,0.30883854382807163,32.89853856510877,2
39.25345099049416,31.794542321725746,0.13428070207424478,10.014179443473182,1
39.75236036281278,23.0218682006248,0.1860960978192812,63.396521891227145,1
39.099216432008625,34.56238770483431,0.1726805844748518,71.56474515944024,1
36.17117170348187,57.11009595794451,0.20040991743880746,12.186453721612168,2
39.116302487049275,50.90099390253811,0.14085875771975534,19.157577828122974,1
39.91437511614886,21.8281988362195,0.15841889211624466,37.08300099863515,1
41.3549741506367,48.72380937039927,0.24104208464391447,18.668453274796505,2
40.567223968276366,35.57523104433417,0.11471100456151638,94.81140637648691,1
41.414707066709944,20.244818684222878,0.3738572846390159,76.50144705158753,2
40.90391452662286,39.38477552616776,0.11332290953174917,78.89978037352398,1
36.86497716068633,40.20255179493098,0.1745193520693062,22.976856090975893,1
40.29242112533168,25.274296352727124,0.47314927649874206,9.03910329676706,2
39.58771489796014,27.230417152163017,0.18950210618757757,11.633685913753588,1
37.16775500536664,48.54421838703559,0.263910042097724,55.890485757988095,2
39.00298906530958,24.936381667783465,0.1088202675482517,58.209816653721546,1
37.36818111268941,19.62344748984126,0.22132583358629646,16.717853185129673,2
41.82571721492932,43.14162036372546,0.16245235668845515,16.21867256423666,1
38.82222668235712,37.79165984701021,0.11098686460503648,73.42448186439007,1
37.17459441463639,27.146802106906634,0.41020827832914486,98.62761347046455,2
39.637000352573345,18.236246698223255,0.12362227122832671,61.007251593460246,1
38.728566440161885,51.099398533787884,0.465436420392685,86.54589136201122,2
36.94314445805635,36.11132982529932,0.12880132841290226,70.5401870556839,1
40.65585132727082,22.520911734972614,0.37104809422125307,96.18679476580087,2
36.48743431013557,38.08345246231265,0.11720114381450776,25.931598837901138,1
39.18216421216551,45.412274106989805,0.16171535083730515,97.52717073130755,1
41.86733049887684,28.838096300820123,0.4145410256238863,96.29008637445376,2
37.9099498752081,42.55953113429118,0.196506668215558,50.28109020419057,1
41.57979556795786,31.383032632504772,0.2607171239547336,45.468292041147606,2
36.9468340737433,22.25494613693941,0.3741176076675723,65.25969775364842,2
41.70201661313876,26.08268083239387,0.20575612558752257,6.188178792165589,2
40.727419260463705,36.060489090080196,0.10384772626122128,3.9671310487078726,1
38.119016981474765,21.1557035395143,0.09396386094788194,52.87752329704243,0
40.75191067301225,27.00821630977932,0.33010635411223566,25.597301904500334,2
38.23937494021062,51.88877007096698,0.2701663686689644,47.267925378117766,2
40.31238203992325,36.58938815367745,0.14538911144943992,41.57705871035595,1
36.209307871190674,53.06829912101451,0.31597725046790076,86.55135916820427,2
37.87794569937956,59.380127014680006,0.1895114049734222,45.8606117221955,1
38.648336454393636,29.478001374006688,0.0443550732464647,34.80881840056232,0
39.328928107726675,54.3531608223906,0.12386405312619891,35.76172096924903,1
41.59239075174434,55.377209965365275,0.3031259563496022,90.52419387238191,2
39.02260056035608,47.9069885318211,0.15278683648666003,7.755906801965806,1
39.64621194954006,29.730863477117015,0.19478613892136515,82.5901522891037,1
37.002371210546784,42.265027167659106,0.18900208794846415,80.2206740081644,1
36.250611598478805,15.24828016319851,0.49318175458425056,31.00040972725703,2
37.04550261770005,27.226536820886473,0.23808724625337907,75.7521309796245,2
37.60123800217985,51.77811529958673,0.1536417329657773,32.44982126999816,1
36.3683372184891,39.05546524052206,0.14280990237403568,17.831681331044802,1
39.57310477204634,55.48269069064598,0.18762717395126988,64.83679344465837,1
36.07155631308198,54.53509869810011,0.3402482740507983,51.73533404751494,2
41.238638063013354,29.529883167684737,0.3608939789302106,79.62485056599336,2
36.91350246761372,24.109585800675397,0.32544141230050655,76.41753506746413,2
37.377694553691846,57.24831013132794,0.24409695095601552,59.45557028950045,2
38.657177102024505,45.71710671189077,0.36386789762341243,24.737314081698702,2
41.825799539485985,40.375284878047644,0.11421966278380008,23.34384892772954,1
40.23741840000506,36.5738246429693,0.1595305355273818,54.89240845001454,1
38.899170475535016,38.5604626353134,0.13524139401781882,85.5653252102002,1
40.36320233483313,12.720368766176795,0.22096829367207765,37.51070915051255,2
36.67068519219941,46.96775010831051,0.20324913147179385,39.347942624618085,2
36.93132411495613,38.416637933610424,0.18845161175306807,19.94988582892513,1
40.70555147361807,14.4384359963487,0.48482074703550687,68.21106695797916,2
38.58323888957266,22.219233772813723,0.07087465385623533,54.126169057509635,0
38.76607163914468,39.36976366257157,0.14619035301794342,6.004576026654296,1
38.27843069644265,37.291502692832324,0.18815281672974715,12.791351336984235,1
40.42029114270512,42.1141042326467,0.13000866442149803,99.22886787505641,1
40.11376738016,26.531256533332794,0.4514644109241994,15.143129674296107,2
40.1171729746123,31.49882188137564,0.20863505030868099,41.03424175025061,2
38.86171014114781,35.37693863614952,0.14055251830132487,77.96578105431054,1
37.40262817041716,12.037401874411193,0.2548593082386517,79.87299018575568,2
39.01671552482814,25.52605450881729,0.13136975577979926,6.28557544208469,1
38.071552420997406,51.39151886666629,0.3663367288386963,36.429513677348126,2
40.63740728599202,17.712810081788618,0.3995017152340784,15.770746268111925,2
36.347701699881014,36.05752652378663,0.19428154727881064,78.53338283785145,1
38.59705993501417,45.21726603870974,0.3668413479647046,72.70387760172073,2
37.29732518261279,42.834226159282906,0.15487396071568266,10.185243820438927,1
41.55589918122871,10.391579499899757,0.40093026592300907,59.551339111531796,2
37.20840170563702,10.872841912434586,0.2614456919961232,48.68360208188722,2
40.055635311275395,49.71530002883689,0.41067390717069063,85.85698900342167,2
37.805764065131385,59.93994148810111,0.11376657467317541,63.095869815849504,1
40.94306576064703,11.697733534950025,0.3894905939121758,64.11147143530332,2
41.49577194002267,41.34644756869079,0.14240449350449652,24.782100899705316,1
39.73699171036092,22.528046628244805,0.11553772118497668,69.02482031917498,1
39.36066592516801,17.353859990419508,0.11462819505838896,1.7728689745092896,1
38.61066425876721,33.28500433192079,0.09972090852087233,66.39317477297035,0
40.03783967038344,39.477115056492615,0.10010514547228974,72.82630146220006,1
40.427622918680484,21.57062929856319,0.23422322989273314,84.83169283758727,2
36.44262862153327,13.495612459373802,0.39603233365105617,41.8249004970776,2
37.48117062597476,38.09265920213444,0.14058102627430327,72.46049693717053,1
37.3867365043985,51.097649220273034,0.27988481026472894,17.428510006207098,2
37.50050395546261,22.859154978246487,0.15196166418159715,76.77464054436416,1
41.26769149892276,14.174161008942185,0.3420729806108227,73.66755837872495,2
37.874150763285996,23.19708789353028,0.18783896797465024,1.3340049082053218,1
40.70116040697734,55.0128866879982,0.2231731362207582,66.19953770742251,2
40.29007310846146,31.366780608970494,0.3102697014800444,0.9065592218557628,2
41.75953935133195,46.34283214433886,0.2669890770210328,56.20812251811012,2
37.65659445280995,37.86335056010673,0.1740564559869163,55.889824453139816,1
40.66224601101307,39.19334268161391,0.15616921008114723,57.57361654755907,1
40.310011915412296,35.135046211898626,0.168839245141992,54.27615537099084,1
40.31679359800262,16.481903548945862,0.4226531217075966,37.77714643906073,2
39.74867196768019,15.890812251940625,0.12954521606747169,22.65961911138844,1
40.85351918782694,28.821273745982896,0.4565265912053717,73.13354747047845,2
36.087040092803385,53.94023977684542,0.2093978793321302,89.34075685601806,2
39.61741480012623,37.98222060378136,0.15802050098526801,85.59077670323715,1
41.4396453097154,38.74463517450822,0.15749166591505412,7.304565132769358,1
38.758327029830006,27.400180618992373,0.09972624714563667,73.10561589713701,0
41.705761999792564,16.300678493324636,0.47526853142096853,23.45811724705943,2
37.91216697630907,34.53572714459344,0.14199995253247596,41.461306419772534,1
41.07755140939641,12.363764911214489,0.3936681905422501,27.307143261744613,2
37.21082368971901,55.013256881216016,0.2700647926734563,92.90689424926846,2
39.14734846464015,17.3353690336775,0.10715919512420827,89.67087157866857,1
37.751588166017115,54.11497279060136,0.1909566957195725,57.4165194804229,1
40.71198988989713,50.278240685026304,0.21157880459892617,3.4170567242995165,2
41.106355772099846,56.79801251214243,0.20639140281155402,38.94459276053666,2
36.73063393405683,16.545960499327123,0.36407421634335985,41.72620138244285,2
40.53744423946555,22.65428372747775,0.43581233469118297,77.84916727942706,2
40.014865942706976,46.861809203971966,0.20956774431842717,62.57118952397772,2
38.87034428187274,40.087022619559306,0.13680368283685929,73.2234692735018,1
37.241561467983146,14.906034797096908,0.3551164792214482,94.00690945021192,2
39.838942607699956,17.5014693285056,0.14525701982737482,75.41651272657936,1
41.324840597390676,43.67104093222063,0.14845108137463187,5.9735178929605,1
39.2146165227755,13.364965742209037,0.12889972934464455,30.67639223211629,1
36.47846229096854,35.454780709363824,0.1316491384804807,22.122708982265614,1
41.86322424163487,32.04972943696501,0.314346879402359,70.01299090847533,2
40.065047724452576,12.48583331441426,0.34090339209947185,22.534193233198064,2
36.500928199101565,39.52973156255148,0.1752959752437647,42.20242509288069,1
39.88407890904193,37.057305112634126,0.16094347373564666,29.017413634836544,1
39.94931606455628,41.83307193650377,0.18958990236791037,37.35642298236913,1
41.63827687383376,57.82049186159125,0.23664512843096042,96.7896127775519,2
39.18593517653524,59.19087322386745,0.12286568682914072,24.320206120369292,1
37.262449252250995,13.01636334201893,0.37860100377859895,57.38819388686303,2
36.26019816158006,56.34117170989559,0.40312541431287885,4.604898907966404,2
41.057170348659675,45.27975803194941,0.33979049529721195,20.492800815173272,2
39.87206194323029,13.192445987707625,0.1499625242037135,8.415838216483795,1
40.845501044430776,57.7480921036219,0.408666712155481,32.78836237190671,2
39.664879099196,59.49992263772769,0.16679524811541738,44.40976157828168,1
41.63071937903058,37.88002757248003,0.10747097524906908,79.08157656402996,1
37.99338296861446,33.35396928579035,0.19881924739944903,4.964543581025616,1
41.71111133928816,13.344318131360192,0.495993501805345,51.843002231668834,2
37.095101678266836,44.29763055931313,0.10905840859640131,29.923103900195635,1
39.50454217878704,46.58514305306986,0.11075407641727703,53.947707427584646,1
37.07066415122956,41.291255025025876,0.1784711498623919,1.2743967061654926,1
41.01472623188338,16.7541644117342,0.20252488332016239,85.13660243517151,2
38.83061505424428,58.21854608682207,0.42725698611581053,69.15103344529643,2
38.27498165441142,51.704326772216916,0.30713559658444467,71.86150381696955,2
38.060287710158306,50.33902393914081,0.3587804553969043,49.76313384766022,2
41.16267815747329,49.94893114636025,0.3233483611584431,34.034936042429806,2
37.775793723336,37.589137091088595,0.16323897659989606,57.7758315624416,1
40.99716012448312,28.950054723073308,0.23765954224352406,58.2451615040395,2
40.006184963131,34.44290868690962,0.49057462554060505,20.715051481772107,2
41.45608951459743,56.11152326924515,0.2606927893176904,92.28407017288161,2
36.12861415033356,56.803224524048304,0.4742351529531312,59.59309206086716,2
40.941037887008534,58.19809681560962,0.2379384303404557,13.044160812953532,2
41.78439520358267,49.19458392131866,0.3492497014497902,72.37180901225612,2
40.43906779105176,15.060776830205105,0.272806162447509,65.86639633907636,2
41.03734468949381,23.820352308134886,0.4269862931770373,26.445865754313125,2
41.49780225345614,45.78085341255212,0.20848387209896202,62.979869051344075,2
40.30062451870199,36.62414904820007,0.1751843017701321,5.552410153757559,1
41.1983784471836,26.49938514622871,0.3182590686844729,26.367249593767404,2
40.34183582994966,25.142951475398178,0.28418606037963956,30.999106094377048,2
37.60200540449033,42.25702345766496,0.18466207833979523,72.87160352341496,1
39.72591403465702,26.55058859059776,0.18206398876485677,17.505880042657672,1
38.507227615287334,35.749717870703066,0.16387896677594505,76.15533630337288,1
39.336857920524665,35.457448843688084,0.1549620126525246,97.76146710233587,1
40.279895464324795,40.54447066206073,0.18677722704737576,94.35505172634431,1
40.04569768468254,33.58709812796188,0.2578439139850834,66.74610418247676,2
37.2346970509113,52.32765949410243,0.3056198256872967,60.112849274962876,2
40.528751346087454,16.59759001602012,0.24925704418644853,97.2337440559238,2
37.512089389459156,29.128127890978686,0.1364212351407004,83.2352004309054,1
40.857589010865546,32.06356120675426,0.46783052036741946,97.50410392035809,2
40.84570770100193,27.599324334942306,0.2813527795337798,62.51504706569628,2
39.74571245253159,26.750480146937196,0.15856320367042986,32.744603565713135,1
38.3612293942968,24.675963492932283,0.06510343764543723,66.11671253292825,0
39.991071415313044,33.22773492404187,0.17614413973321624,23.65384400548288,1
36.41426165294572,51.489137728664524,0.4720658516015473,51.582115822633966,2
41.91022483655528,50.09314818755716,0.24773079433891196,59.409440184646215,2
37.35082880601958,48.1588600522675,0.3823139342774211,83.60118987410216,2
40.17867138970018,35.543484885315664,0.13342589878932998,39.3345288627472,1
38.54192364850757,50.01343732461457,0.31998440455231786,49.44062186263447,2
39.370021529145255,22.5365222794953,0.11155029615865307,0.8938773823350288,1
39.9547626932212,59.63897381906383,0.11284944489812995,76.9965441201201,1
40.68282363915966,51.51318128700062,0.2024450339577536,52.29045088217485,2
41.89787823644879,52.494080441090446,0.4843121341906293,23.33258348432078,2
41.62195769550583,43.62704901269052,0.1735723710953008,63.36019342391971,1
38.55343309826014,38.72685393901066,0.17247773305899328,79.64534948403032,1
36.37418177735335,42.067224494382266,0.19843203400299217,32.44448443805229,1
38.53966185317127,32.71479452201414,0.06981947370627828,2.3034233045800323,0
36.75258138231347,19.608648714649604,0.3503281822798593,39.462962927401676,2
41.386095804075765,40.94558557270156,0.1820554183236924,38.21182710480896,1
40.75424811413662,10.751702389219178,0.20176309961136102,64.58350625676204,2
36.31585353305846,17.01660846254577,0.20481340779983648,9.806100768162063,2
40.35411818933807,31.162222749973687,0.49281376271321375,37.61031613025813,2
37.47937911593247,30.11989469149861,0.21798418651714221,43.755302572288024,2
36.77022093991351,15.117037479180508,0.3556274953489128,43.60580038572027,2
36.5842175489072,40.04247086816076,0.10403987986793374,77.71157059375639,1
37.22102211127267,47.07273381766293,0.325623281193514,26.133379240674305,2
40.07004947762094,48.13906045140559,0.21738422707326294,82.41471036511554,2
37.06408780385859,21.39477209912187,0.3342205334436945,27.84036262469852,2
38.65127501104141,57.43201477495301,0.44189566952936055,62.85136951463149,2
37.74044501985615,36.884626152900985,0.1936411040812468,72.45553765503557,1
37.93338802499201,45.83623974424769,0.13859097546211296,17.34331307244179,1
40.05204648091823,19.118033850190436,0.25545369327452166,21.19589080580987,2
41.18683853059318,43.050085866806626,0.1979678174651467,78.76484758646681,1
38.88068435380592,29.495561818355288,0.020350296496784305,88.41028785777871,0
40.7389370412513,49.26626631400979,0.3349599212703873,42.06376061344568,2
40.75584721050861,28.89815827195951,0.4930188706792291,88.3226631987673,2
37.69441738535263,51.11001614824848,0.18611059462618545,33.29866406725915,1
41.747775074798284,41.717231817977634,0.14921458245816205,37.64511166191997,1
38.95935272779939,26.26522886793212,0.07336265086083216,94.74678229741234,0
41.17798168867128,46.896499086918695,0.39895715439557344,73.28736134453311,2
39.45579358999018,57.56203263969553,0.1684176533553713,43.35497325083912,1
36.16767599737161,10.429827875445172,0.29334142462597124,83.95315229645124,2
39.58457321205114,32.343647084824894,0.1608850413279536,85.76264805048766,1
39.26421697934985,59.81905532599695,0.12744692530792012,7.119302549918249,1
40.917316427883165,18.69628870329803,0.2948964857656622,87.36343018834464,2
37.392952757585796,54.68152460073592,0.30301515906258086,70.79680986102407,2
40.22955174004175,57.60632728216762,0.2178159318289058,27.256036794093042,2
36.05818356065718,17.007276597540773,0.21896209840503933,75.23632247628143,2
37.709567578375314,30.206840040789537,0.1317827950149161,89.6804219358004,1
40.95922734300218,56.53211727751651,0.2779598307727584,6.009656178936829,2
38.778852120816914,53.41186623983996,0.35963045417306844,53.18820036084727,2
41.91129776640829,13.789031662992532,0.4228898103454043,22.666059237071156,2
38.402949270106845,10.206877801538546,0.3332385002699053,70.00189535088109,2
39.5945558716755,52.457650714528924,0.167442430877923,31.832381260346498,1
41.597086084392735,44.87830205922883,0.19020588651523604,92.55519160212936,1
37.97791939075331,25.28786388470919,0.14596418786763496,76.09957292036414,1
38.84533512922749,27.656829315835292,0.03003581069958912,88.8200001889696,0
41.67121708151632,16.426200517299602,0.37924480894843327,39.17559562539149,2
41.33412884424064,14.271046736242862,0.24413783838144978,63.98261188663093,2
40.236620020071136,50.3062601015013,0.2801955882191839,36.61685648429932,2
41.86736851841724,50.24873896240676,0.40266615310372367,53.88029650202956,2
40.72463043904038,29.700759816096625,0.2126369074361666,63.283832635795356,2
37.82620332244974,56.082650717932744,0.11816202697734077,24.47577888206397,1
37.78971042572984,21.157119206815953,0.12650827930892258,54.057904495684326,1
40.37695012350367,23.90466946015232,0.24984641441476166,34.10800819715129,2
40.03612771072483,45.39956579907035,0.3491291901188215,57.37440627084137,2
40.45222592476183,34.2220769788689,0.26368003590812483,42.215162740187026,2
41.610860517341564,22.535505967637235,0.2141479091260362,46.838031578041,2
39.58785926956821,47.98348905449067,0.12762197218809868,46.45964811723683,1
37.24119374005221,32.913393521715285,0.22218923570339602,7.233189666722295,2
38.5305039748957,35.51624916835266,0.10303165406495435,50.40008927225862,1
38.34488068283173,18.284364418722703,0.023226635518018575,4.211015856906974,0
36.07991631627306,20.542873445168667,0.3618109388420978,83.97316660150852,2
41.6543676090948,22.61765320769032,0.3551615192444987,8.649035575543163,2
36.81445030344443,28.19678720566419,0.259923644980829,55.747450778631446,2
40.88375230285753,19.649385204146316,0.317630238709358,25.046503839108958,2
41.38071336109469,19.70398953180492,0.4775127753138687,6.297239191035464,2
41.86786607342687,39.769476326663806,0.15483788845544946,18.067592490399054,1
38.459018926058164,10.83613554964883,0.42822914235379206,63.59491468333576,2
40.163050422715685,59.811711712686915,0.28029559880702004,12.775403790631113,2
36.05902680545689,24.36543894816676,0.3750696400607896,46.85155082984183,2
38.36862938420612,52.29414561679212,0.411119320829847,83.69785753026194,2
40.30556935305344,56.9301519776118,0.48123865404483374,89.20506592624483,2
37.10074510892017,28.486656951815206,0.23393006661586815,26.187684473384344,2
38.34371613454487,12.556587258220322,0.2679456154125483,26.094521675955594,2
38.54353669632892,23.158511993269173,0.07743264623147891,44.6317710275276,0
37.577269544287425,19.521277362619674,0.11046072025255718,32.50241328759682,1
36.45814422137858,43.12041082571948,0.16078180181150134,44.23732615725151,1
40.957217999565515,49.744784092259835,0.4859613564411452,37.50763036276924,2
40.16656882328524,16.119953537366698,0.22880761753639903,88.35846946481824,2
39.669466669772326,52.30939385825957,0.11577170165133543,32.175507986637754,1
36.32104637331629,41.59772460346229,0.12904190913976646,87.47043183745882,1
37.56556656974855,34.79959557071291,0.11529034543651011,75.1290700945021,1
41.91121321294666,29.246266978676108,0.2091242090375206,59.44924611255094,2
40.654817865960744,42.753264496247674,0.10789381420644757,98.03867533666677,1
37.67263140196411,16.502990179954566,0.15484178970099713,2.888188050122853,1
37.61365660546306,33.18091428227211,0.17801369944524084,10.7335001498838,1
37.56653436084205,31.08564477697395,0.11269038480809657,74.0352388033092,1
38.65166382440794,11.77296893829944,0.33515657470282345,68.45456686919202,2
38.671439863283084,42.23657377451166,0.17521333597309646,33.48077153223793,1
40.6145319829236,23.204093759746943,0.3327785943198923,62.26155467425224,2
37.72884991857771,37.75376341038888,0.12416483430248516,90.78650612534035,1
40.1271563536574,17.72409312300636,0.32086577766596597,25.894844491975434,2
40.806147898502594,56.427354656427404,0.44696102069797583,49.69121802205684,2
37.646842243788534,33.953420527601615,0.12862190584212602,96.76698421147776,1
37.638532223567644,44.350647767085604,0.10409025079089602,44.34098472608944,1
40.93918049118435,45.58115237024724,0.395717209641263,90.88749009416432,2
40.505802845471436,30.88865898829878,0.3641752177529586,99.08170379888026,2
38.9671962075663,12.131276842846091,0.39552719514016677,49.22960186249742,2
39.93711083930974,58.50142152292023,0.11384300267346896,22.81935822357264,1
39.19004889140458,13.50678448778946,0.16468167753430835,69.04958108247095,1
36.56044442740457,30.218094092210766,0.4740490538082656,35.430282754343104,2
37.984764731620075,27.465206877252008,0.18572651883300617,13.824158707518897,1
41.31751013990221,29.0269187470872,0.4718862853383041,17.762860370604272,2
39.885030792514236,10.164731130508844,0.19232829198963555,89.88781757007425,1
40.91795184809519,42.12527790276683,0.12654214636309236,74.50956827067233,1
41.01527244745239,21.843784667019964,0.27713127542245286,39.750329729233535,2
37.75617771874762,55.33993275305907,0.10381799062465008,55.620491616628286,1
40.139834348002495,32.40515561690631,0.39509426706312045,26.239111378108838,2
37.1226671811513,39.144084942867266,0.14045930587029715,9.246838025327087,1
40.727586873312966,29.13735878526571,0.20995884490617428,66.18471865362486,2
37.69034523434497,41.86468613510925,0.1409099709577359,29.636379895359877,1
41.47217080026234,53.85209321617821,0.43047427063242993,86.08587568461617,2
40.164482793566116,59.15506766266547,0.414838742025585,21.920831099605522,2
39.498421796679345,13.195999878379514,0.13372716873927232,48.2983923522039,1
40.97692456583341,46.30702219373649,0.25854569471268773,73.50610992507369,2
39.45539743941323,51.53168486670827,0.1708776183381921,54.145404847099584,1
38.659884783007634,43.2147444563855,0.1902721034809311,67.74679650859746,1
41.25521092288089,15.52180192194005,0.39013589913056185,59.7730579877172,2
41.82007186651404,37.846094827373285,0.17130572919032905,61.248565882952455,1
40.732642061263206,44.83918463845142,0.11391192119331858,13.588683042140282,1
37.632911491908395,36.404610733491225,0.15184175691990243,27.837639061101484,1
41.06639207528485,55.6529478297867,0.29987525927197,38.27419264881316,2
36.740906712801824,51.30259128864565,0.44965874113706045,41.003128455392655,2
36.526110647263245,48.97466437488096,0.4419485857314966,81.86304906588873,2
36.274047462176235,55.65136408247735,0.47726653131058433,86.81586821996389,2
37.8477652106543,15.163308309709503,0.18551372311061481,99.81636012836212,1
36.53099592016566,27.317569057288175,0.3556923351901964,72.02617447316351,2
37.883378425135774,54.476484981137574,0.19287746194703687,59.029185907715245,1
39.38499255751283,40.33907638140184,0.19034923458913883,89.88618409006632,1
39.83433925759494,32.314018381129124,0.18779924934090142,0.031223875242780696,1
41.22911960017567,13.50763460720041,0.41754542987062626,22.043109568512843,2
40.81270530954001,34.45560714784451,0.4461195215684481,37.30965128578939,2
38.15135612220139,40.41598637928443,0.1186802904031335,59.55840396232755,1
40.8029651325916,54.613497384267674,0.32714098455879626,28.73627185068778,2
37.465206897999515,10.47003007091001,0.30958312367838176,67.70870309741342,2
38.90852271748792,23.986948092398766,0.0739707169776526,96.60953174131343,0
40.38313765413958,34.5454636045323,0.24473930602385935,24.095855408671984,2
36.95663231434351,15.39691536340312,0.27782768820747694,74.7953098538336,2
40.739305779466314,34.615883572810446,0.40560791592341433,63.148854691486115,2
40.29224235258006,51.818150999265534,0.2873675999860665,75.70751295385259,2
39.10942844643119,37.748668582846435,0.14861839566804416,37.58117999677345,1
36.05962118775118,52.717426699191094,0.3404310241633587,11.973376154206372,2
39.97987070706325,15.842123435681634,0.15435732276822178,34.37356862888789,1
36.250302761996686,42.50436698802548,0.17834596793221202,34.33926278351515,1
41.67866902648097,16.407534890928353,0.4643537502892065,23.526696682694393,2
39.378861992338685,20.579130501895555,0.19599527907262693,31.19634332309188,1
40.466627510643306,47.948219731257694,0.4153878114314561,90.89462211149214,2
39.635033499614586,29.179273194297163,0.11980340506716528,55.30426645240968,1
36.48832095837928,27.328196164542142,0.2591001352164229,27.030582698616957,2
39.563830052623516,46.91864324491693,0.15458762157694209,6.732912500271415,1
41.947962989644665,23.15754705136911,0.3766470688987086,80.75453853067317,2
36.11957477095588,55.88843862255649,0.4919520801487514,85.53693758404349,2
40.28553551212983,43.7400559640596,0.12384781179108949,84.36715738405866,1
40.796243207829036,20.254842173416396,0.24785716630588764,38.51673647132413,2
37.067116264590375,22.9691844599719,0.49614343262680527,88.4152117656931,2
36.94537757228135,50.91952549044653,0.3240246315873695,94.09787562051275,2
41.0233226579862,31.845670268864232,0.38958911120273754,32.18504097744409,2
37.201936481192604,11.696815772876414,0.4468268152427568,47.140414826215306,2
38.059718449087605,54.49478927089011,0.30027141012902975,20.722404165635556,2
39.90582665897851,32.10327415460071,0.15456281325070936,88.38876073798717,1
36.07799876398372,17.487239039226928,0.4668350344813419,83.81205679283869,2
37.820456642219234,22.986973258139244,0.19049284879992695,78.48998296552895,1
39.377368967583806,43.16791835094812,0.12665298593434396,41.89818943238325,1
36.838599297327704,36.43514265189454,0.17531333805356514,14.486723142941882,1
37.18337034263494,42.059389903795235,0.10442783731737365,57.302325115852184,1
37.73619724642285,46.8789341187022,0.14511937208713346,5.1723494777886625,1
41.1632200841938,37.46277967902385,0.18514632014196092,42.51862095429566,1
37.649568467224555,26.770715202595515,0.1786011776118209,60.13675620248874,1
40.067478174915024,49.797713891250226,0.20605089914382446,1.7317746791179034,2
41.93061359493168,52.74433403602511,0.3953702339747135,57.10991032300563,2
41.98779242409136,27.951505937246754,0.28619815069412025,21.641308078631216,2
40.60179230300899,16.472174850264047,0.34111174762544916,38.187500831892194,2
37.55397534547863,54.68495959385258,0.11342471382393415,38.38320856718123,1
38.77477891660793,14.360235929926493,0.27709335266785146,17.443029865919712,2
38.354105778533516,24.516678300073544,0.049725604158953815,64.89092334976358,0
40.06718244489108,42.39167205986969,0.10353088225957763,63.37732420394233,1
40.3750638241533,29.11752239438481,0.3687742344392094,26.676542278623828,2
36.59474826734873,41.09907185022159,0.19473252460591184,3.0054024051863637,1
39.58382567035507,11.868721364955523,0.19891268441083926,66.02672202608674,1
39.78140404326825,49.44253248501819,0.1737515074726751,47.07453082685513,1
40.14358473678141,35.052036942216645,0.10458580983698217,67.91222999954167,1
36.799311299414775,15.092327497432088,0.3136408472463704,83.08561776491115,2
39.77240375716276,30.56682629140282,0.17027425171638483,42.85820646050069,1
39.33643021150062,16.9122086929664,0.13085621520258806,49.397218262007435,1
36.16605012118744,13.694955681143657,0.32435313021945583,25.882077785421675,2
41.05049510725811,58.610298519697025,0.27434858936782336,62.79312643992749,2
41.43306359825025,58.4993925586729,0.32636101794253924,34.73362148852325,2
39.417443581946145,16.34725044736509,0.14625950160629542,14.120908954141187,1
37.90674478803611,18.01342198024998,0.1840762397886877,84.74909233807499,1
37.8760178790872,29.562856270026423,0.10791706683649387,26.801429107898844,1
40.95540032528086,47.01559282467834,0.3209562272233314,44.9122796603424,2
37.16649647464173,38.25434292644195,0.1376366196565752,81.96129708813936,1
38.841197422391886,16.511451332319318,0.03829458728222224,36.93966635754919,0
36.35621132429864,59.58336736670075,0.3943180250523746,77.54815605977033,2
40.88187086778555,23.59686247780764,0.44119647617380975,65.42988202178857,2
41.982110903148765,51.479929084553056,0.2990819972967095,96.78801907898,2
41.44208648726726,46.0981991316786,0.2993382282302815,76.55897244766624,2
38.0937262397718,54.13200242607832,0.4808834985311373,40.56832628842743,2
40.081986984116554,46.18398142782237,0.22027608694488754,8.325462719526321,2
37.98331876884862,51.95576510046687,0.10928807995413413,71.78863191125572,1
38.93272448144894,56.31345803488799,0.2744796404820388,96.34265894349974,2
39.81190946787684,55.752844669131186,0.17346847369220691,35.15259002588211,1
39.85024518711484,54.35369251117424,0.1392710648866561,56.381431130964046,1
39.809459186300195,23.398121887528617,0.15270726133971985,40.27791639005023,1
37.00112070619974,14.343375800737798,0.23274744281908574,3.8530088581674393,2
38.935382775778876,58.65790733627466,0.46645315796863207,33.784330450215904,2
41.95926118863296,31.194509017724076,0.43206096462885235,91.88342675208581,2
40.84867139057168,44.84330599403712,0.16455565590193658,17.763329528233097,1
36.681436813247636,47.059066399687815,0.45993298591614273,57.01893454717295,2
40.14693050227852,47.898053465852286,0.3043872459644792,34.047847600454084,2
39.92306905943474,40.04813556855796,0.17570614975895602,69.6348052163531,1
36.40208384358088,26.494067568226523,0.3012576213156045,60.213105979136,2
39.91039884039855,28.7922351242407,0.10289938460911403,26.091580544206437,1
40.27549035982156,34.088376841937524,0.4584924127115127,70.84858400516076,2
36.628490524062954,22.251588331079695,0.46713440792284777,4.871143081997631,2
40.630275885445684,21.340754192131044,0.41183817752080787,61.6950755074767,2
38.18065078485781,54.848198629090916,0.4352641054850488,69.2580692392765,2
38.51039717805194,33.946155999826104,0.08386375150107822,40.25642013710309,0
41.285577607920985,33.42157343605685,0.2500067880255669,43.61323359348875,2
37.923649746352005,52.85770206964782,0.15317815478424637,11.11920009929075,1
38.45860433924379,33.415447539271696,0.0930745452681496,16.81308435468759,0
38.05196769605832,14.826100321653499,0.4613652721804472,59.63047118178408,2
39.62489439873087,15.431298664418875,0.11294813956796576,59.98355839051239,1
40.903796099935725,42.564600562926685,0.11256916232237116,34.14950762123507,1
36.95140750215747,53.09425241126322,0.33177693270958564,74.01729250086072,2
38.396308909719025,26.67292204148943,0.09128719042448215,35.384245172998895,0
41.21587619637164,47.54508339806119,0.3649071618645817,19.77501347482272,2
40.08038021187866,16.6213362108653,0.24828066079978747,28.365290865832737,2
36.57650898611469,37.229313071273374,0.14948492550324755,15.956716819075966,1
37.662619093562334,30.92977560406802,0.1618719654575573,83.71461778813212,1
37.46637177888147,33.51601076229393,0.22508131271313359,17.828440316918737,2
40.04134363464571,57.34516172191578,0.3613090161770467,73.78442683855326,2
37.869783562735826,36.822521498256506,0.13260993837435686,42.8066905033462,1
38.040921029938154,49.02534833889638,0.3850237134667459,55.4382825903634,2
38.29798063975943,32.98563411355596,0.051140806810558034,96.73403896744847,0
37.97115937273319,22.48977575157832,0.1910025997347243,6.446222769194588,1
41.876271031007526,41.726231580794256,0.1797953478924066,70.99152648106937,1
36.68702419639049,23.02153107703153,0.2756014384978096,47.56347664074353,2
40.222603176120344,29.66540444206158,0.3840622923278306,55.70404121316608,2
41.690108340841306,14.750818191085699,0.33354617351405336,85.11282861077487,2
36.917045600909795,21.298534009091487,0.4577242045476429,30.82033275739545,2
41.088637359930196,11.86460105185886,0.28261984227723014,47.673252876707885,2
37.68352763511255,20.722454578481234,0.17975683751233745,64.51149055367912,1
36.83080321961759,37.16016605998598,0.10771419941493067,57.75081446160425,1
36.724015381195606,21.43598824994208,0.42930446939739725,63.66224176006172,2
36.83597722309565,51.72485019364742,0.40667232918147694,75.10957878647598,2
38.83962623814419,42.37342178508756,0.13171466961266917,84.59130945750479,1
41.80057322317046,34.594529301159575,0.34224161166996014,84.67662217588322,2
38.45827445602692,53.64902775167311,0.23530641867943408,88.36268212021146,2
39.29397869614334,28.255534747340533,0.1767847334311062,94.56628340174514,1
36.19604716222458,33.47235375235066,0.4634839319974032,62.37379346417124,2
39.70826844289256,58.17011850545796,0.17030746850763848,87.22474051736462,1
40.514987208349204,33.65383497596233,0.30017283885253276,93.65123145510046,2
39.24737020321491,15.57036304270266,0.1225218007115142,32.40381082181937,1
39.04630247311853,29.65207976223045,0.1712678589324514,23.174606241619077,1
38.62163364471007,10.086154086030316,0.4828447256959608,68.04848737721518,2
37.31299427014116,55.678594722274596,0.23438291562986763,13.229650865146636,2
36.46228597333843,34.82796952311166,0.42353168643983574,34.82326788096528,2
36.5317073049513,43.70436299081019,0.16104774601718885,9.962430874138917,1
36.609799414487846,38.539813450523845,0.13317449335054554,81.96636478221365,1
41.05544157518132,14.039061639004649,0.3413445874671537,38.72053906036468,2
38.93427262364898,28.021924269597523,0.07563954155641262,15.296450555688136,0
37.67951485642397,39.50326427052087,0.15479624567250821,34.89504096159294,1
39.0580763635175,45.70152637155926,0.10025357881883837,30.630422007158298,1
36.79658437975706,59.97727276821529,0.26724692474168116,97.91866911152098,2
41.88974565886824,25.624374078683502,0.35102580828002716,9.808733706647688,2
36.65915284734169,33.59301214102091,0.3427410163409511,95.99112549951685,2
38.87342864464076,19.159022619782817,0.024372543224768027,76.79363829530868,0
37.25931156637806,22.770492524623776,0.43094237074532515,69.15056215002208,2
39.19248848211431,25.260963071227756,0.13401496239104796,31.729682530221215,1
39.391406130262254,55.629936952281966,0.1294035951762697,45.01993366254639,1
37.17135811318884,57.22589798834781,0.22028175408494122,96.13999973227624,2
37.866204202020114,56.33338559633266,0.10778321582587047,63.14339780568166,1
36.476210494339995,38.3748841693688,0.1784567481376807,44.75135877953209,1
36.432554047782695,33.3365172702421,0.42126366297623224,8.310316002463692,2
36.36141415247169,33.30786584715099,0.20137667986554333,64.13880618727312,2
40.65249001921291,11.471147005399336,0.40304640816121495,88.16958559565234,2
40.63640962947874,45.18011193925255,0.21534229899584223,54.527610580110334,2
40.78550126996496,13.429211252978465,0.3764400391207865,58.768318138410116,2
38.005350365187844,22.053912108923992,0.034490822382718285,14.204680631334309,0
38.12013491008146,52.41907845356952,0.4071994617140224,76.27787740694598,2
37.21926728666762,55.72702956769861,0.34164672513315403,28.745729052081302,2
41.07670541580676,46.2276946005352,0.4260281760855186,73.86568598644095,2
38.63948348724608,47.28475799458933,0.30088556080941187,84.35959540293673,2
36.160861599055345,51.68740860872502,0.30323098652004404,56.93463600120212,2
36.733986601570265,45.3256099905186,0.4566640067812411,71.73059467105183,2
41.77158643839373,58.3777533341376,0.2544359345002622,37.5429015433447,2
39.68625814164811,27.853815881283953,0.12467302329564477,24.179479602674725,1
39.263569392903364,54.80568263142727,0.12993865855867098,35.18312340610053,1
36.510805061856075,32.84424792145873,0.3306711847204009,73.83371628907726,2
36.35120348296749,27.25676582892344,0.3556592056435965,46.965241391573485,2
38.147549622201524,49.4017096673945,0.2747030805206965,42.36049757431718,2
41.195398146007875,21.087680568796856,0.26646201532786745,3.407503501639464,2
37.69890883412141,25.194925824150076,0.11667539900183582,16.221289004010597,1
36.93442585995415,14.244913524497179,0.4909209409260926,95.88341903654373,2
40.29617136912816,59.35704899240873,0.4370679494458831,51.69524000975865,2
37.79279527647647,41.52417609389315,0.10413832000204812,33.6021784684429,1
41.039867463299124,35.45151689536753,0.19604676893145087,10.903756280263654,1
38.10909042057889,24.13410700233349,0.07106061749954681,78.75299364591801,0
39.059159711307416,53.60251910641957,0.12981526255897916,54.66638739478527,1
38.65135691537202,14.44376690732754,0.47057904701223097,51.342453297291904,2
40.37277490284528,42.63490007542558,0.12370629244294608,69.44669379512348,1
41.38135353925416,26.65299976894251,0.35502346788310335,97.29279567346614,2
37.79935495470756,49.28888110389404,0.12990443289249048,81.2921710660771,1
41.87441570833923,47.439457714929496,0.46560493657957086,10.919771275055702,2
38.67847405449084,52.43462546237999,0.2437459973819065,22.19118264086478,2
37.73636143842254,34.55793936608701,0.1949029937189631,69.44957455157305,1
37.80578785068573,56.98827855918118,0.14336656513002016,97.36245043126434,1
39.693909676701224,43.53987796602533,0.1408830633871989,39.0742666748891,1
37.76091086902446,32.88546906051279,0.13389563792808148,81.76401240685634,1
38.57757060203937,26.904498709586335,0.06463501722951721,41.85802887991973,0
38.20601998266394,46.055233907317415,0.4709144690513657,73.44480815275689,2
38.15283171453108,12.798161303976693,0.2769100328202777,7.548153156921467,2
41.48880745822481,48.619596982722925,0.24193945067320527,69.45642067488765,2
41.94967569708341,41.58020409033578,0.13302541618964328,90.06684738351385,1
41.09933902871221,20.62200053589421,0.44698437577745476,5.953108158609844,2
36.21572345196533,15.519973053517209,0.2462353194608446,4.212368630508568,2
38.43195827023665,36.13284326366665,0.13276543968714022,80.99965664786869,1
40.853958808551546,48.21585440211555,0.3677643384597542,21.688723923976305,2
41.88153151223365,46.67555422130365,0.3677901940068845,34.69327205941898,2
36.83111366773833,53.67326524904254,0.3231969154791815,52.450771549384115,2
40.87303518372485,32.36736567529586,0.46816811566825883,96.19200591328806,2
37.7230969346457,29.7840872460216,0.15013093356991117,54.49033475994449,1
41.08465309352653,21.449470917832606,0.2012096274794961,41.39385695176345,2
38.85737025826097,54.25823138248675,0.3805599166692502,9.31863892823015,2
39.72867506427421,31.388782200799728,0.11952154119604885,88.89052906689732,1
37.06942653064183,39.0047485928127,0.1777035975205718,21.17814938912266,1
41.329687520637535,42.90980458315511,0.14870794675188231,7.847044169428397,1
41.68368352787297,10.550906367798937,0.3370103945550813,85.83886523908403,2
39.077242860014096,32.48391407443769,0.15377667009227378,41.33793395968848,1
36.2944496327722,57.713656155459695,0.39467947518757013,50.02278642290262,2
39.55460487264083,13.551350564841037,0.15480972503859233,11.102327133471746,1
41.498212024358075,52.832971732989925,0.2114007662630308,50.42837504829968,2
41.02601429788953,30.513396650078658,0.4305458230453943,14.687282240146082,2
39.529727386294105,36.24304058082855,0.1580327166939297,41.19513828707465,1
37.83817983070536,50.799580266209475,0.1913256565103472,56.00528477205883,1
37.72107488557213,33.68902063503483,0.18021073439302898,54.651241453049636,1
40.47478048439373,51.10090232740638,0.21905680685208734,19.682644727978847,2
41.87053119885958,39.632725767873595,0.1174206731655077,64.3891846967448,1
41.158094373351815,20.067330723813313,0.44621502275516406,28.858716961898555,2
36.085083636119464,11.963121328679367,0.2855998403799181,41.405587654027656,2
39.081243875385915,23.164419456366538,0.14719686279077987,24.62714151375467,1
36.78763424830443,27.345875810273775,0.3063067063466784,99.584158441406,2
41.03167872787525,54.964886552323215,0.2722190869716377,25.491392838162174,2
41.40350463499665,39.27030669319902,0.13142782593724864,83.83676542022673,1
37.66585556822882,13.360075729193973,0.16599200189314095,1.2896305224437077,1
36.21419283850119,30.05501966606503,0.3928533548625166,84.76577565312651,2
39.682530619528734,31.694053854345903,0.1197704473896839,45.95734331010507,1
38.7677686506969,26.21615509841424,0.03468073623337757,14.61369652065022,0
40.26608738370488,34.4352647013737,0.21244304401766517,3.2807090636415515,2
37.32442257007156,34.13879206809696,0.3591791955738062,66.79756413160327,2
38.96602976995979,50.52363669982658,0.44177253251967574,36.34298666913088,2
40.70201553531399,27.15204881051981,0.3988050036756846,9.592219461214025,2
36.47854478519248,45.67715103517332,0.3463219013855339,24.647297922763688,2
37.15620857131611,45.906328139392905,0.27401758132623655,17.553381415332503,2
41.110621239956544,40.9094571905039,0.19161805935532464,65.3739727012258,1
41.34963906316969,12.146880138172152,0.4417338397967555,96.64210942102116,2
38.204485577414054,23.93696484731472,0.01905432119562135,90.95334497635449,0
38.516710812201524,20.377503840640067,0.01953502579753056,16.290827364912218,0
37.977703737706,14.070262946338516,0.13875168274454136,84.35707398792559,1
40.80658224752357,53.3243507191918,0.38020887235234613,43.18664826055464,2
41.50760147486732,53.968038864504614,0.36924768169734234,7.549123312307282,2
36.85368493548944,56.034975428868144,0.20509517192034432,47.631674976150265,2
36.53259198342634,13.35327299455645,0.25952689264251677,30.48890472638186,2
41.38842278736948,10.33891778786505,0.42638612197404535,58.36793717678008,2
39.94307810085177,35.30540511641917,0.19806538154696438,0.054976448512100706,1
36.598812352670166,24.403575039698616,0.4803822378122796,31.740482085767997,2
41.439782421433804,48.850774571712684,0.4671925063011384,52.14417645061609,2
41.987153630749,13.144323533723092,0.2608060691698582,24.782295878780246,2
40.69072646804649,25.16635947068957,0.31112617510013824,80.51557839838641,2
38.51226808034972,24.914448110974188,0.07350818278977607,9.09079768586879,0
39.222233850349156,20.200333605845763,0.19542449876356993,4.022400974128848,1
38.63827988453907,34.72956603638791,0.0789941321352396,15.601480147182222,0
37.832449902092115,12.13137191275265,0.17049175253573645,73.25017848094019,1
39.931101954112826,55.85663217992748,0.14745151011482363,71.97637202239451,1
40.334359858437594,54.99460642531577,0.49393070938203104,19.987634869521088,2
36.08323264100978,27.862682313603628,0.32876552236865664,71.25856579422704,2
38.16004796549388,42.91801626212622,0.10842155404845005,85.25802119547815,1
37.934717872525496,34.726681018138706,0.15517806853491084,71.66177033836398,1
39.96922039858136,40.14866149484651,0.1017154778881556,8.747341265126662,1
41.93136284385095,36.326833146298085,0.13254451363091665,99.63265507477878,1
41.996760886830195,57.880306515325756,0.20239576430626316,30.432018291389873,2
36.81760602163852,16.991765886058616,0.24885875029753754,60.19042519073564,2
39.11322898549287,29.531757599660658,0.16382397802135046,49.9575764101853,1
37.84166602225704,17.013334084240004,0.11057433738055844,92.80230060682865,1
40.79416007094086,57.80888949286002,0.20627370368033854,69.33819444687322,2
37.48710779512363,22.424975391962406,0.3428059624951699,65.99863073894849,2
37.3253389518192,37.82816609293669,0.11706302411454514,54.27244762383921,1
41.96777071084661,18.88512723286263,0.286812529997665,91.87929365523753,2
41.50451515575198,54.492430532059764,0.24414537141064513,30.11736712781574,2
39.9413414945137,32.76957710148635,0.15779253914240915,13.563032445540424,1
36.49451513027463,39.76913159236932,0.18972238461017754,13.263909660571581,1
36.98775538139211,22.615636559571826,0.43072834688602657,62.228624781467886,2
40.786193435188785,34.16398849954096,0.29688782888470383,10.342839521797998,2
41.2477016438537,16.36710065952075,0.3961245433506639,49.001707840412614,2
39.005581552010625,44.24004323150295,0.16228581539587836,13.213207577015085,1
40.54843704314296,39.27359060485191,0.12310035907961946,40.657037417680996,1
37.6711777029052,11.240224012436514,0.1199294573091877,28.11587350146556,1
38.02863457747745,18.46741851083661,0.0327695133544103,96.40000930947843,0
41.87180680228972,21.912550258446853,0.4242109818684434,49.90462621702238,2
41.787405153426526,28.668862196237086,0.2444439323731769,60.308532142327145,2
40.44094217380076,43.92505594818378,0.17462035854648872,58.950689586477765,1
39.95352274345869,14.982134783860658,0.1041425225840592,44.37702292461617,1
36.93901022481332,51.175856227806015,0.2991304203236899,93.48995939081789,2
41.84515715924398,56.65932848781543,0.48791552304181335,9.690513839117465,2
38.07704492607442,32.55040185724063,0.04985922697855582,20.981770270559252,0
36.12178984864654,24.005826413512434,0.4568400796969088,93.41178890063989,2
36.49374604777098,22.69007863480737,0.49754729687384686,46.85148989512605,2
36.91221500346464,48.29487937917584,0.3070177207447977,41.59039501472982,2
38.04427104500887,36.753620140546296,0.1927633239019311,72.91431153334987,1
36.199415660676145,56.29619648712188,0.37330285562698085,75.89775143776501,2
36.860328031949734,14.97577531783724,0.27049845808246287,44.04444068785144,2
37.1618209456076,37.13866267293852,0.14281005236439429,69.38914755430358,1
38.02809804827434,36.08220250216182,0.14982360081084906,71.93439118934232,1
41.969692540655835,28.237829862169708,0.4798093291834826,7.272383511459157,2
40.836761970434054,41.444070756720734,0.13192564080218122,68.75529471574676,1
38.850213324280176,38.0145472237827,0.1620930626977525,91.35947565600789,1
36.57652456218705,11.03555187599112,0.32891478795649554,36.413890636682225,2
41.16806833311506,46.82996485248021,0.43233330373086853,24.24389363477456,2
36.05748236186132,51.920085558525884,0.41950359496681155,74.59793372351578,2
38.244309348079156,24.221372232618368,0.04752635034227156,36.68964748321897,0
36.19897832575248,36.49271486121735,0.13421880046521004,79.57149512781376,1
38.83924914473502,54.39965078330219,0.36093286028795996,54.223184659183254,2
37.3178470144356,29.338488697345717,0.25329754031734963,43.017000005470926,2
40.5522694016247,15.13405791786018,0.35808052792858464,98.39075248248253,2
41.78173009554702,19.14928046401809,0.4655143187446004,24.96363226783305,2
37.83090226589371,31.652786170051197,0.17171560931494678,79.51393632915222,1
39.200735709513644,19.461951416608233,0.1661081956699722,22.206194210032393,1
40.444745582920405,41.17011434911791,0.1478085815487205,81.07227640959609,1
39.394154383570324,26.416370883405545,0.19503370958868493,37.375405004320115,1
41.97116146987415,42.10381473428017,0.14482938569078146,40.50032407078123,1
41.28904480936243,54.82721883699493,0.43779422685828506,29.633323747705397,2
36.86852172324871,11.863405778319017,0.3390173853552054,5.704616243124782,2
40.65934565567824,55.33518540498691,0.399277334461995,25.390715206870553,2
40.09751767289128,18.787560155566204,0.46668262097827806,72.72554894398652,2
40.96743780513919,25.458837162141876,0.42561985830712973,50.71614067119605,2
38.61182876254311,29.347361344574576,0.04534427280092559,68.08253384543201,0
36.87214933835739,31.51545906816425,0.41497355170723205,20.508725359070834,2
36.39496011256803,59.30026848698837,0.40714794477900695,64.44678483951472,2
39.005072777492344,47.014013240815714,0.12276403038987664,56.53054979278156,1
37.47269207567467,59.441400414505885,0.44867397397358594,83.3466041922985,2
37.214556271427426,29.958466398557732,0.48470768031707323,28.624858431941448,2
40.06261227459693,15.326227055826376,0.4256300467207197,11.33286795603501,2
39.78725060724114,10.481072214763472,0.1257110285976555,1.4945435674262209,1
36.226449869947636,18.904246605688055,0.26026612877134175,47.42645500438864,2
37.29593603190195,40.097514681267214,0.1895137476282563,38.249997276850735,1
36.001073935011945,35.17000099617596,0.16953507016948433,1.9224796410068246,1
37.75956850345402,10.355274357814995,0.16270566472929038,21.119309370854424,1
41.80987299537464,36.885051224649516,0.17898021428240918,41.93595303115961,1
38.671256030114456,32.62423817782486,0.09079407802796965,27.568749623541866,0
38.63079599884849,13.419994714293296,0.4475409371126534,77.74318220725249,2
36.55259567605713,41.09010367778638,0.13122669353996672,75.41473424437112,1
39.7334800998959,41.53717328637514,0.14585938842358076,97.7499542213791,1
38.80995917575815,20.835524572835492,0.08192236535401498,26.445855559256117,0
40.57776260418425,15.281426078118578,0.2312496137681196,37.144016447794,2
40.32688982832958,45.28955559457885,0.44281189159910633,17.828057603271375,2
41.826296011625345,10.621718068137184,0.31636634631097416,92.5410861348052,2
40.19003701229762,16.391106155232826,0.4903492190392203,35.34356166711129,2
37.28782583331187,58.069209316283704,0.41186348050108507,27.295079902080477,2
39.96736131102973,50.904181679891735,0.12229771854841583,62.36788866621934,1
37.219396508419834,55.516886273926296,0.38848021070148897,68.36765046904904,2
38.816834405856476,55.7794041038616,0.3164103330915126,35.723734068324845,2
39.87271370984884,25.720289972488658,0.1681584410249361,62.540597917980115,1
38.692573771203435,16.49739143381011,0.026915442882215028,46.544262707112,0
41.52507926200837,24.864099978729314,0.21373316365702508,0.696622255815682,2
41.25471392265615,39.90719230180185,0.11100057337632496,33.557874120228504,1
37.95102427405829,29.138871278887816,0.18209357478865057,81.97296633752332,1
37.553528812671026,35.74296587542906,0.19073309753008177,82.90229311532535,1
37.938275975712536,19.04801134659851,0.1911686955866692,9.49586811441815,1
36.012971001189115,45.98130918095345,0.4294063415917171,38.797355868577675,2
38.513323244819304,23.042106507006245,0.0225325148400388,18.59365631574963,0
38.40914954043617,27.63350259871531,0.06134837249698942,26.126473293965457,0
41.846482160124985,24.17732503940945,0.45123870770621066,32.42667781594187,2
38.53982846941999,45.61436524314306,0.20607594449776323,88.96374282866694,2
41.73106835555058,44.90211982739179,0.15598427581523283,16.226970967395804,1
37.56908252308857,45.76183721640015,0.1165308024882039,40.25664039644157,1
39.83543289949155,19.717373514134476,0.12034258910753198,91.88246711481438,1
39.11774510069497,38.58675963360537,0.18290421754197883,13.16386144435141,1
40.34089408410422,50.16235097674848,0.39103129046453877,18.659851547776853,2
37.925440204873226,45.3089385215897,0.16224705953042048,83.2616606511102,1
40.754302825135916,24.525885386648273,0.37064402190290335,25.657244829225544,2
37.89490980425735,10.59990057963979,0.16972810055254106,27.539534382660047,1
38.67514314611403,49.729929692320745,0.2059195435316759,37.13830717007399,2
39.04073040551235,10.276654262480342,0.11115544851298342,85.90157007769828,1
37.21481361210478,45.23672637003871,0.43687821560462836,28.62743304898283,2
41.30647756206305,37.48677918356155,0.15360975657170686,1.1934107883478817,1
36.07643586131694,59.03142598755619,0.39363600461176895,38.66929227875278,2
37.05684215178116,52.0732254119597,0.4739112521765548,37.315582303891425,2
41.78005500109636,41.14661180803905,0.17033325647839404,38.446784683385026,1
40.29366874003847,56.89771995265913,0.23018026425611068,53.66268568371364,2
37.422725925657716,44.00798629877927,0.13044262165195786,54.029143019781564,1
37.01614874031175,13.765355716428036,0.48850635318054136,83.90525634833168,2
36.88473080925557,21.130441549514703,0.3163832787472363,6.549521804399583,2
41.965351765530045,26.18055632114862,0.3462921477656985,11.057938296661717,2
36.74539636201975,53.7827047498902,0.2840251074750574,25.11327375036346,2
37.778889858966494,19.999773344228892,0.19833026267958737,93.49520693515157,1
36.74138952801728,27.391472603266863,0.4456552274876554,39.07176988352563,2
36.16311126320379,13.459771323625354,0.35855374613004676,39.688179479525765,2
39.70646154664623,50.291476660736464,0.14172679990806814,53.55104950034426,1
36.23035031947512,29.914367354410732,0.4336773030986436,55.59411522870887,2
41.55937236530963,30.47374804450351,0.40517042927881936,15.535435503287264,2
36.54131091621219,31.78891080685945,0.21841265039940302,77.40021950429126,2
40.718906284669714,54.592184323400595,0.44583283569996734,25.81969875321708,2
39.88951398510669,25.430552683579474,0.12362001764640068,62.85521772486802,1
36.3396716120303,32.25290423421527,0.4101031103419265,29.101578562347473,2
41.07315605193892,34.29243286272525,0.40625876813466816,80.34724102029072,2
39.4283250351906,15.968056069976573,0.15897176103216987,45.16921444541626,1
40.022772712331324,57.507323046987764,0.4449205021753049,62.83639540372767,2
41.34661065199097,58.44442859845116,0.22043655128711345,98.51656147155397,2
39.13142301380303,35.53938816207027,0.12794762117083597,93.29230762394954,1
40.48585124983495,33.88104522450044,0.2609391708580002,46.412773467661026,2
38.87957039694276,57.12434124704929,0.40089268687751667,12.086075870998481,2
41.25935346784061,45.841657957000535,0.21949859089960383,38.46221153551268,2
39.50498728318984,41.04748824829657,0.19595171288170252,45.40764978767123,1
37.49161362598404,59.937209067751816,0.4962951309155932,36.977223322868404,2
40.00032913836653,25.504700187070497,0.44589874972280846,50.89255454832917,2
37.90284189523537,24.9485269928882,0.19283122456048832,46.45601812981551,1
37.01851837843064,55.572447777389726,0.33964236620280197,33.16106385604064,2
36.872045438783054,23.41156246876664,0.2925115378137991,77.24207472603068,2
37.3980337881102,49.75621788332494,0.23017054781175614,8.377354870844133,2
39.54531817803716,22.09447002660491,0.17247850259326883,29.252232722688298,1
40.39783011063645,45.34942360224049,0.23511225654443513,65.30015002250236,2
39.63927003649572,31.046383850986388,0.12343311671102836,74.72865873257871,1
36.56242038588345,16.40546844841483,0.2638979824392396,88.98496581632523,2
38.78790336434051,18.578300820491314,0.047979859779591676,10.906890071443332,0
41.280311062205044,16.57782117870286,0.22616447937237724,29.027878538433917,2
38.558462007183365,12.371657791439219,0.43132282085624896,80.59445680499493,2
36.868473027570474,29.623025308164426,0.4404165689108722,42.070222238133034,2
38.976474134164114,15.495123737057366,0.0931342096203921,73.50772793654363,0
37.58875846823552,37.42506543515971,0.1515967076641101,58.8044448561162,1
36.71477764887947,54.245114979174666,0.4032573428277807,70.42642284943676,2
40.175397452114254,38.73398185605359,0.1866370722915351,15.77466568160949,1
36.4581536276667,44.84216223841186,0.19033265536383692,68.17264229341382,1
39.302264798091436,10.021838867596557,0.1118600718573607,99.99708719659989,1
39.67959082339527,40.16213360399179,0.17215872019589074,94.5230107369831,1
41.21081425336649,12.27656719866605,0.4575403603101564,47.53356676465641,2
41.18335625596254,37.046315570234476,0.11862521387294436,37.35750480854981,1
40.45310087356147,12.976930539664913,0.21159039222686,68.5926369176794,2
40.4028393391463,54.46720043238066,0.25321507026271217,92.57468425199635,2
41.14824928655737,30.579392205948903,0.4787319764824413,44.651361193944794,2
36.68612784402907,19.201522840969602,0.3520919784798537,20.516325993554418,2
38.158913651766,20.46374570392294,0.014636919812021695,83.53219186433405,0
39.99626079295355,27.66780389169104,0.14241825159787833,2.5377267225565325,1
40.71454961616958,18.139588099473684,0.37146365271475346,64.93969188362757,2
36.894237027112645,33.089517395310345,0.2403472009430355,50.77127660796745,2
38.62566943830334,59.264324897225286,0.3957961313457904,97.05878750260753,2
36.852899767326136,13.234269073499402,0.25801530359678937,95.85740397845048,2
38.99287385617892,35.15455077576918,0.16099164700742769,2.4393595656382994,1
38.95648982348924,14.000904826028279,0.3262863587467515,13.956998305708757,2
37.55587637664263,36.313742932473346,0.12734530382508502,37.08453242999868,1
41.82418873437484,13.457461466598627,0.4497334132733362,92.5318027482303,2
39.07049949430053,24.148800250302777,0.14182646224203077,97.56498392357898,1
36.50395518482893,33.20366876660569,0.4472999632182921,65.96459200321098,2
39.901640745619076,11.598476959001449,0.17397974982889758,14.389679269091971,1
41.67421568884561,37.1260135824921,0.14860048076984708,64.69304555172583,1
40.82233332986413,59.85578106270148,0.24591877434728332,25.997939290613214,2
41.56761355825503,54.17526321088203,0.40488260503361406,81.3278181184786,2
37.428610250599334,18.478318520118357,0.26924713445491877,19.293763193316515,2
36.67580403859098,50.845791623937394,0.26822275743918006,1.9798621529613314,2
36.351476814301016,36.738676244155045,0.14850654611021846,0.6121758651030706,1
38.19762439735911,54.24281746335094,0.22268878713342996,4.293566548974736,2
41.28282836176667,55.29351891666465,0.21765790025209505,82.37532465310416,2
41.14943188566673,59.99366139489842,0.46523292241437725,35.83539487176902,2
37.02072664209787,21.3871942693616,0.35952642392350787,33.27534974383612,2
37.760115428241896,30.428354635028136,0.12898600359385565,4.6319701999931855,1
37.89736978851071,19.317852415824095,0.18060517814253202,58.656412678252934,1
39.58388460777065,32.38162408175601,0.17644416422908898,50.604343269929544,1
37.290176531054605,50.17629331000475,0.20958321780041872,87.04525503798588,2
36.41591160265698,53.74261327658318,0.3003036533073415,83.51582962289757,2
39.29600906132301,24.236437499796125,0.16293436226218083,68.39697785469149,1
39.19533810836411,50.95346237167863,0.10445639371843621,72.58628707408242,1
38.918973880074624,52.41097837910567,0.3483853624338703,93.07626875743655,2
40.437965613882184,10.408930762028486,0.3553387322875524,13.732212949395016,2
38.37910505963143,58.92375575982996,0.4913217243516208,29.280976189511964,2
38.96993081045397,22.843792290242163,0.0661584887036726,72.98400869771456,0
38.48208445167808,54.79701089346594,0.31197219118345165,49.39027260645338,2
37.45382308930655,53.92206943528871,0.42284016708043487,25.092957682405693,2
41.23595050846765,35.006014050680236,0.1750137138640208,36.9218835562822,1
41.316789602475446,48.99501174226003,0.32351898075926466,34.10876318769667,2
40.112498306935144,53.64956725899497,0.42848096531530705,6.247296488479237,2
39.43826006476975,54.78939676462113,0.11171632853394084,53.83590614186675,1
39.560570413450066,22.755423342639716,0.11141370019826573,60.5986120888567,1
37.07553657986454,14.467585495663258,0.24522467030319464,52.233603177802465,2
37.95881658480573,27.537095223491022,0.11577001874712071,49.82170015327041,1
41.919424328895495,32.45065772792076,0.49768826434199676,41.018732841372895,2
40.559985831661095,47.26742859903691,0.3477531168979691,83.6187651367299,2
36.246248647397366,23.485647922802507,0.49428815799280046,70.96577549409747,2
37.84165799519236,36.43913853658715,0.1590287149087692,70.39780446862258,1
37.73564460754503,24.053102226108095,0.18783287339792512,9.347597261141239,1
38.300208556595265,30.26256186278265,0.05073108258485832,23.577108644837597,0
40.19108398266205,57.680935307961406,0.20556921673252546,67.66965061609123,2
41.22836783676906,47.482441789630094,0.23835393694583532,47.942876958696466,2
38.054513630772675,49.55013293388656,0.36543171995107493,16.578565576718816,2
39.9207027986729,49.18602990191568,0.16425675165654144,15.980794795714015,1
36.54067338115779,38.02395992656977,0.14552377423933482,51.51807988028075,1
37.40168795915018,25.578574905274024,0.3404507797930654,53.54107442623487,2
38.32215506130534,27.290054381049153,0.04903419191696235,54.80338172446737,0
41.168944065840705,32.880663521961694,0.24563288308786826,53.18108589200607,2
37.38292954365869,41.43597044258337,0.16225955569220624,40.760471230297014,1
39.39791366553405,30.916797985868918,0.10115149008121534,79.3497330699127,1
39.451905220751414,45.33486177395209,0.1796413710858833,8.905568170226807,1
37.06079399416491,38.222429321733294,0.15734331197853088,96.91182464725007,1
40.29833279545774,15.455365135899543,0.3726636350089859,87.94298115699415,2
40.151120811358055,16.679866658714843,0.20586452458389617,30.05771990090681,2
40.99402832081516,30.42247266170156,0.3350885312487565,72.02682969753464,2
37.88341950775553,39.98412064185027,0.1219957525967764,68.19374844552543,1
41.248760832456156,46.384838270290665,0.4213330283718564,65.08126258453301,2
37.78710084213887,19.996679619116563,0.16016515999772363,73.7702570351757,1
41.77949186329747,16.98216716476186,0.2843341706127044,44.33807270102052,2
37.893561143818566,26.350499439424492,0.14817425223147462,7.403557122759619,1
38.14140669275286,50.176717742081244,0.20491084951680658,98.13207335064443,2
41.303192479290495,52.085017102535765,0.27898659493037303,21.83400704377574,2
40.712009924116224,28.481676432017203,0.42401553648129114,75.71713044624113,2
37.66280814132568,18.561808566322128,0.16999061806357235,19.020766990364322,1
39.411587442411594,24.26613341232593,0.1337229060173454,66.6850259958408,1
38.198300496356495,57.82358592488127,0.248967386801227,87.84114640723209,2
38.63195050687061,52.727385486713146,0.2626296022152435,19.34300861096577,2
40.11788082515219,51.121859086238736,0.4235386240190636,16.294624396432265,2
39.09646807578636,56.8741506591923,0.19702581583730233,34.66204917444391,1
38.57165772974527,47.491723776487135,0.25819207727194404,58.502093195513915,2
38.321505230975994,52.90733567903526,0.4910216422443948,3.972294983655267,2
38.30710151590846,15.755562427463197,0.06439878353888981,79.97232787364467,0
38.63069725622864,47.00747765133418,0.3241152452867772,23.515450373921432,2
38.36952131091489,37.26210408864109,0.1295740830296363,14.324950782343816,1
40.90342456309822,24.512626411690665,0.23594013202813596,44.118113242059586,2
40.407642775642906,43.16987380557697,0.16321676679792485,24.28030423701054,1
37.98372998323641,13.496090727403445,0.17763062386328016,1.2359800145356536,1
36.4918763989312,49.72008568940895,0.2539311745318217,69.14799904157309,2
38.06001824126969,27.842764756916118,0.0375359445055312,87.62211972119341,0
41.635056089498285,38.04240059373171,0.15943483606553954,31.73035232495881,1
36.96967310500386,49.630660019093554,0.4679552856628512,73.45953705103383,2
37.86770843492446,38.73137489744343,0.10095128840555284,43.46567183188542,1
37.26266581262668,12.871536623665865,0.41528190398822684,99.68775834964973,2
37.63035512939603,25.3235298889354,0.11266083734815367,41.56136327708132,1
36.09483614378987,34.69929211624854,0.2919004860107125,19.987152030649334,2
41.64051788888962,10.450669855774716,0.36917941242211194,53.80957418021326,2
41.19011979268039,41.12113868516022,0.16477680443289594,45.5284448846519,1
37.415725036423495,19.15103229546896,0.22528870556350902,16.19287654126755,2
36.02429885757803,14.649119656429985,0.48163361940006905,46.734645933840966,2
37.04378475814504,14.459752089107088,0.3006870514447913,17.845358210868454,2
40.76093316176981,35.49586464021741,0.1500245492480918,52.031457769811155,1
36.407822909762814,16.79598026089348,0.27610756866262276,36.31946443531384,2
38.20319960589626,40.64013685932996,0.18135397145064758,82.64283897996235,1
40.390904721785446,12.420965596335218,0.27746469381581246,83.30307170849814,2
40.33300062528146,43.0840608639279,0.14551515972523188,22.939830125715776,1
36.14089118052965,12.910064081464514,0.3642264002513198,9.677767418718952,2
40.051467804119355,19.175234540170713,0.36172538711218494,57.95415510495867,2
40.085804545955426,52.05922877953613,0.22454471025658232,44.86414886775998,2
38.23828380836731,36.23016872261021,0.13272513520110535,16.791440344500142,1
36.60204782160571,39.055453593330434,0.14716938727146783,60.85131728195303,1
39.98430920053418,13.593793663502609,0.10312940937986463,96.30486252598453,1
36.41445807069539,42.44027968066486,0.11314040531713385,58.51756615912033,1
39.70112286649881,59.227665390982,0.1723590036455646,14.009635200835325,1
41.636954776928775,47.49733132225999,0.3459113923758954,4.106334316195326,2
41.83813823112578,53.246197744601936,0.2300806594832397,40.743873302115894,2
36.48293838511046,12.959912260036575,0.30331942931159933,59.684648892031646,2
36.66866106407968,22.132083776589248,0.44827884159079345,28.9756797439915,2
40.93432181397392,28.41889707477953,0.48209007675889254,59.87824347593583,2
38.44095684412938,45.91528876018321,0.24877241153416835,54.377726560923,2
36.74090244807039,54.45208585405998,0.36749750391848957,53.922267806051075,2
39.86220778188457,52.50239196314985,0.1269264496296822,39.50036285795348,1
37.99268200299622,55.439009044813915,0.1254083460729235,36.55764542747516,1
37.59251780278455,50.0581260027765,0.18669696594840363,94.03399427532817,1
40.53221078947452,38.54340262983095,0.15340421749963742,33.26110135786089,1
39.53069859275512,54.11821887060172,0.1062863709179741,32.3872084726464,1
41.514748187732636,49.28471301733686,0.46848150551744794,62.27160103414877,2
40.06487436205266,18.118612802533093,0.3335261771992351,68.03764202694225,2
40.301224017231874,14.16057220221978,0.3583623653922696,66.5464798607711,2
36.85721716067672,18.41351545873662,0.36572751321544505,84.77817592968229,2
38.25127072517088,15.84844330498715,0.06608000905173099,78.98569321926233,0
38.07345236343525,45.23030643606735,0.46389006280442396,89.74282896022942,2
36.65412634457546,40.55685262748936,0.1493056300315372,36.186429301779164,1
38.282816059071386,29.823342950934737,0.03451208362103562,55.73060484105336,0
37.683003263169,49.61918441045184,0.10811311308259515,55.44805448706819,1
37.912251460596764,33.41433154908701,0.19720267729642743,56.673167173259564,1
36.74761191252168,34.72470909995586,0.2741285930944475,5.774031069387098,2
39.369876891549765,42.61238186031284,0.17236103544792292,6.486317507408601,1
38.59937202770876,54.40020577761997,0.31201433799108047,16.655150375857943,2
40.607265154267104,14.640323867030494,0.29126614350150215,86.62385430009314,2
39.026699044460884,13.535639701798981,0.1638943792180323,25.116665650137328,1
37.89705662351163,17.636387535850126,0.19903038049610786,99.47857261302221,1
37.04279735740195,11.988297707772274,0.4395827269319834,89.89040800671798,2
41.716180760919514,28.805522196269642,0.43566975937585006,65.28767889918615,2
40.907775894095984,51.44984119329484,0.4156241977625159,92.42481635816408,2
41.2812177669171,40.52811120416389,0.1438896391997599,9.217211287350935,1
37.66762222601413,28.131259664754175,0.15463493968176717,18.664475335772458,1
39.177591114781045,35.92572217046849,0.16448980651632178,94.10999465109659,1
38.93191576860313,56.70436106784134,0.347229546165501,51.087174611161714,2
36.213180678373696,28.401927851372378,0.333626440942944,12.576973745643693,2
39.80715522545734,53.83597436384905,0.16242810784279282,86.57523242974607,1
38.99552251814705,27.56694279963053,0.04317153197343649,13.956349188804285,0
41.90386441241861,53.98450657994409,0.37661397398414853,68.03475880298211,2
40.13608143756004,56.636589130415004,0.46716511698663704,52.22609831746574,2
40.199550803580095,50.070174721046634,0.4533474367756671,95.5134516782928,2
40.21850044798967,23.66486465970481,0.4655939282972385,87.50950100792298,2
41.214143384812225,18.75330902974069,0.424306552870395,54.407736738721404,2
39.83443462633972,30.766600352889004,0.11658383936255987,76.19414290503101,1
40.205708740749486,34.146894218675286,0.22120825141203063,34.75728756561083,2
41.70927750650985,47.868350028620505,0.44255209350161473,61.780469772882505,2
37.4838922518336,36.326462119216025,0.13595837458298773,0.12002433971125548,1
37.33583079153301,15.857080990286883,0.36021771237048184,70.8634250587373,2
39.53885126221149,21.99365080296083,0.17375635982342424,76.75939788002881,1
36.22273987338873,49.968574438163294,0.37126465070679404,68.96024597692903,2
40.194271618997156,31.660436726985388,0.4561111890706581,11.134834569333375,2
37.12014052865161,24.858179630229614,0.234656066048084,3.9592614412986893,2
39.841745264735536,42.66228140995319,0.14623621477924634,21.7509951738741,1
40.528760001306715,52.693000079792554,0.25915140612620136,50.11015226718079,2
36.042009971204145,20.86692807781828,0.4620196143795918,46.289379951339214,2
40.77394019762813,20.443696304158056,0.46110521081807254,86.62650692458723,2
39.74936236545082,10.67253117809537,0.19049041120442978,73.33471232034236,1
40.36027532823585,57.31061987315743,0.4861018466270261,17.30690301692035,2
39.69127836435547,40.83489474116031,0.15442579198395806,32.39479780507586,1
40.17431262902379,42.007697059563114,0.1006535416945565,39.26310838701048,1
39.008049847393046,31.7666256680442,0.18005986655642622,82.98640008502746,1
39.92267311840673,45.97825594942638,0.1757718779033897,55.243138067518814,1
36.72473952351684,46.88089315202912,0.41844054557714155,91.14073107445111,2
39.9106387034195,13.17146554320371,0.1379264769821101,18.30318689233551,1
38.95971140334719,27.87606054677718,0.017952625122459154,18.64236155805846,0
41.789787907610815,44.91327822389603,0.17916650617202343,72.75140633311028,1
39.88738435327452,38.5990665021941,0.11126509044405848,80.92967821753547,1
39.26880452757909,45.38726764241289,0.13877293065414203,32.362341124934055,1
41.415585185168126,43.96372914013453,0.14038635932712246,16.700948185284947,1
37.59780380630323,33.413338083215564,0.12962401100469834,19.201677730793254,1
37.41871740837614,47.16309079408572,0.21677416860997945,26.145413194042344,2
40.09407210996129,36.24351995852661,0.14323830097408366,50.32731608503711,1
38.34572713660155,40.48047559845679,0.12562927765086745,9.199563107402053,1
40.96146207275414,53.450014475060485,0.41032163847409686,56.36549486131813,2
37.798923037234474,12.469492108457322,0.10644409619542224,2.0496855485642285,1
41.476504182695905,52.09834376910815,0.4369504638233731,89.98907950691982,2
41.58946027183621,49.42768322632991,0.486422323473954,10.357758640334126,2
40.96564860028852,37.18811021431505,0.1574291463032712,23.46965597347843,1
36.59351610101279,41.54048652201666,0.1736440587534459,58.34769340229159,1
37.72477982683712,37.772223174469175,0.16837969125870766,31.454718826714377,1
37.26537051333246,51.55857498631953,0.32333042652259775,55.6457614749706,2
36.37588451973513,27.523227751442604,0.3135762600508837,81.12506766478614,2
39.51949417236594,23.19860966201884,0.1599531460784543,19.849899224508192,1
41.44658934117131,15.938045586495527,0.22728572802264985,33.42937359027225,2
40.321534031377595,40.401464826403554,0.11951146150575345,94.41420315417112,1
38.20236216977111,32.44312881296868,0.09661194498522324,42.0900001264609,0
39.0385254815996,25.41336043869953,0.18793397754228786,40.4179722719889,1
37.79258890573,52.99508669068084,0.14054933013573623,36.14122154060705,1
40.80905914438385,27.14712149040428,0.49401186644510525,76.94555922029039,2
38.14822946380176,34.327537248288905,0.011120244713857341,76.26540699031624,0
39.490784923893884,27.68211037526427,0.1395099146992552,52.96647468766247,1
39.037301267790355,22.697471041055223,0.1702803790045853,90.17830011297707,1
39.77610752688966,27.659938353330844,0.1752258948930318,97.72450475928643,1
39.12914700709117,43.66308925161755,0.19889673375748237,94.24423234856152,1
38.78954022261305,39.962709898165826,0.14075939922539257,62.710240474553345,1
37.58389001788082,58.40748706040209,0.1712620543393249,79.49553376600049,1
39.339477637873635,38.67279266274118,0.1136976520074353,80.23454187911214,1
36.41962197899324,22.28503444191343,0.38011210593605116,42.82472339009674,2
36.736874147569615,31.488963289280345,0.42503749265558877,48.03553804573952,2
36.55945580846715,36.03595128693902,0.11964672466474496,78.26987489238849,1
36.62349170701477,33.23410248789357,0.39648651037646804,89.01558720450706,2
38.60534043371418,10.900520729301752,0.23664080106989702,56.13386554568307,2
40.505162815045544,14.606198022733455,0.39031025215913784,35.306711304837094,2
37.15931353869284,25.064741954834602,0.4845412438769627,33.732903224478505,2
36.462201524866565,27.360012539295578,0.4542372136614643,41.157795795566685,2
38.8052255766866,51.88754155184033,0.3202201442873396,0.29760670200735806,2
40.088670745659385,28.73192813671252,0.24155017420627983,97.86490417381086,2
36.13433593924699,51.59693996460172,0.26217131618985184,28.851378345522793,2
37.67469744301391,25.678225751019742,0.1552304534388428,23.80814068969952,1
40.99684125332285,36.17664428850347,0.12540448945039975,42.69157377029158,1
36.5038341453442,15.604287099235677,0.26502063830799805,93.575539864136,2
36.18970283821806,10.253075952059401,0.400957758917744,54.91529242594228,2
36.08926136337988,44.600289796078755,0.17781679334177586,93.29555611828289,1
40.91262141335492,51.11749628257096,0.2903391803214428,85.74733277245264,2
38.405485699305814,52.86031155943733,0.35841621176544824,45.83026913761924,2
36.05280908004462,19.940000273272524,0.3643357756641272,28.04907450323977,2
36.98292046135418,36.50209448778311,0.1551039171968978,54.464055407491294,1
37.96674040138041,57.41408515203663,0.16239122052382085,9.4228458652165,1
36.97483575382667,20.685060727106375,0.3437949562935164,17.113509397871486,2
39.01039835857503,38.6877788858126,0.10836093101158371,98.74152705641846,1
40.286682227131436,11.610528355299879,0.23205872391122428,79.86620379665753,2
41.411526382508626,22.867612124932982,0.45971602941762635,77.38978393762433,2
40.302594838334194,12.47730218951856,0.3217660804187043,34.645054674058194,2
40.543002219617264,47.5363091155892,0.4046983849142809,8.825029995744227,2
40.22980996598042,13.228342920325094,0.4256597982904343,66.51630732939691,2
38.348784855033735,54.20326978918416,0.47256403192714636,91.56332564339613,2
36.39873098319187,52.11042357316425,0.22773617137306523,30.019221823620136,2
37.67663782587264,12.215168417038488,0.12159251986215615,83.83101049614238,1
36.97733976324694,24.93261925181109,0.3294035101468792,23.349617503273812,2
41.39420161182052,49.39276990196836,0.2222307962095283,16.87331363630291,2
40.0801856084351,54.568850858022444,0.2280078376745451,26.920336148504585,2
37.5210018662638,38.90128064534124,0.17810823120717445,39.900946835258345,1
38.921589912870964,25.427688774499423,0.01720808099440622,81.34360890842561,0
39.81256515302794,30.128957703483298,0.11589680130911038,30.154723181259968,1
36.75882656018235,32.66098701941112,0.47957414535554804,31.37235891796537,2
38.27436895414431,41.62420350194722,0.11898254448886438,44.464805460576464,1
38.39383686408779,30.10301413230231,0.07509910130215462,82.51051167120761,0
37.511440183096745,11.974715830057155,0.12588150940568216,85.3291602698414,1
40.82833299048322,38.60014103077762,0.11366500078342245,97.51405831444492,1
36.646253938702124,17.854205980824048,0.48988405951575115,25.640522718515225,2
37.18617140485207,22.965098192712816,0.2524795442705056,7.933381626952929,2
39.406703015399145,24.59349227972413,0.12416032592880556,94.35636900611102,1
40.53422668918389,49.22195372896288,0.2430117681624033,47.81080561630138,2
38.16176928710209,33.89963329155974,0.02979939465817679,35.54542324018327,0
37.91613714026944,47.007371421847665,0.1980008755303665,74.99491130255659,1
36.68633146011346,16.839477673128833,0.26994621123692897,82.15545955328551,2
38.66510621384879,40.561215065926774,0.1275264498731425,67.54428517196493,1
36.86918140504587,59.17048237111468,0.49784991637654236,77.52511636182696,2
40.156548484928635,20.52854253075693,0.2231027987908738,88.06089521305961,2
36.99750727382973,43.010990467961875,0.15945573493470144,81.32974679829123,1
40.59732330134033,21.731144223029204,0.40992664411355983,60.320152942453596,2
37.290804229417475,57.19223670148495,0.45574400984046437,17.824809615930725,2
41.76491737951005,21.49085235328934,0.4795177789776297,3.401702134673079,2
40.58028663307077,22.45375289954204,0.3924562558868172,58.53441874757159,2
36.995329271656004,29.61385943943511,0.38634914687138944,60.58316317801484,2
38.036603600519555,33.51278854272752,0.06882833383432888,94.32279870874844,0
36.837013276623864,39.79714507189105,0.10652875206787804,89.55869805303406,1
41.10243410637531,16.33714685825688,0.3696738007409083,13.494247819025274,2
41.25151402201311,23.72286590938551,0.3355685224291155,42.89278053037576,2
39.4060083553185,54.75593756802524,0.1613076870545923,58.21400020498891,1
36.332675559864484,24.30757134162399,0.4701522985938632,10.566013363922144,2
37.57685635338577,18.83006804926167,0.11024472560267806,47.48905986977767,1
39.83998448946177,26.039525553835283,0.1431064074550435,11.105910373567607,1
41.215488324953334,20.613847822420787,0.4120283217133222,57.193627500023645,2
41.164981902291785,55.14877273362958,0.3130839537211555,2.8661487154808762,2
36.912641928009194,40.573975725364704,0.11093851568522663,71.57443742919702,1
37.73280096095849,33.75870177930487,0.13340043698052578,26.466391439167204,1
41.88493408278755,49.403451089134414,0.37227209627379304,37.50053601480933,2
41.73421094450521,45.74612498239448,0.2259797122589564,38.65637510711056,2
40.946384416682534,49.00925201577381,0.3928851788417238,58.03864389194665,2
36.61111067588567,58.38350716365795,0.3213378610903237,6.301392412935424,2
37.11241165301279,58.70083364611073,0.24326601844987428,43.81318588409015,2
36.9369014580482,59.18021583159024,0.47867631646957937,79.96937165279105,2
41.15883083807925,29.585660319506694,0.4665930362257247,67.61430917601005,2
41.6643952664565,18.732240403254632,0.20040172047868315,3.1862336782452316,2
41.29782439556011,46.5578115421116,0.27673186143738926,13.33710966437608,2
36.18496392705265,19.74739042582106,0.43703142166905945,66.78603106308864,2
40.07031395764097,21.277479422799843,0.45125912186859063,57.96596051372216,2
37.48364385419813,39.85392981605808,0.14985063548708,16.976984607800915,1
36.61346318204802,57.430453583724116,0.28639105469320025,76.18723286597587,2
37.41704950448496,34.70358242674408,0.2546562317694445,20.43427804284533,2
40.88336607216077,16.551749369706393,0.4469883147024098,92.50054709519044,2
38.12065204585353,33.72271198126296,0.030898191411326395,34.61834056136184,0
37.11450040975636,58.421166746265584,0.31491601737445807,64.20431524536502,2
37.30770262354699,39.57159062868638,0.10596571075301124,98.51145891462369,1
40.478238916716585,12.783682754401523,0.3324674697254023,53.7334382558513,2
39.68806962601561,46.703446459581585,0.13929303093190426,76.96612585293184,1
41.37566304998585,14.604605392521659,0.24110812967453116,34.36229375717308,2
41.2962176288302,46.884990454702226,0.4591516923674236,16.031004342388442,2
40.14000778886524,18.894635399181233,0.3695082151410184,67.9225871295479,2
39.04157050368957,44.89462451591873,0.11304233765251212,54.54203915074242,1
36.00260927643538,35.529340455956586,0.18323576001068614,10.592365179207675,1
39.13396428156471,17.994733937706314,0.14641609417397822,54.68259260956179,1
40.227418583859134,10.250725788405825,0.36627706283906447,50.392310524172146,2
39.95281775229204,30.698104109722532,0.15984143442021922,32.77225140264631,1
41.37839108183099,13.86711275520571,0.22873797478785077,33.180926278976706,2
36.921664592142164,38.375854930398546,0.1144350299002141,44.34257103062157,1
36.9684165436475,41.60089205234742,0.1794802632555866,0.3029935130175021,1
39.71043858864398,23.538236718596036,0.11512479136860143,70.43652165063541,1
38.97748536315364,36.761535686638595,0.12844093626628533,53.68522012414133,1
41.3610940869366,13.183140079604314,0.2211473499301621,76.18966134248495,2
37.81892251918796,34.053972098450146,0.13386965547140814,61.20139069170389,1
37.80183336961223,16.42712021521153,0.1029254575390654,40.646909828121245,1
36.87195048764498,58.39890115830522,0.26995733366823044,77.05680221844301,2
39.12295571078956,31.186934442339904,0.1918643281451216,86.43659123915103,1
40.681083872536895,49.49570754559366,0.22542895225976436,30.34636289688638,2
39.75332128379024,47.58386094573191,0.14148037382408318,78.02969247146393,1
39.578233194856644,18.985203211774035,0.1476321083221922,73.76054718929633,1
39.057801870414345,53.06017323364675,0.10006421742730914,42.50640484063367,1
39.354569402864726,32.483437131721324,0.13227006367873678,61.618192626289556,1
40.56308185605763,50.30035635348264,0.3755173663418603,66.365850014314,2
39.48518216102596,16.222252640347932,0.13797902022201863,86.2865654267176,1
41.33941055440657,42.05853417979318,0.11276070820132834,51.778830461954904,1
38.21515383591161,21.400034677856787,0.06699579565273273,55.8375211350861,0
39.50463547969734,57.57016537071827,0.15938306793767357,1.3125037165635511,1
41.86741440419432,17.988607798232444,0.2620659170065481,47.07609208418584,2
39.04670026718109,11.315672077117414,0.10815859576901529,56.06301384866899,1
38.931909978040196,31.241369983366415,0.038212829490807905,39.78494427710573,0
39.9232933893191,32.490886740324086,0.1435126031841702,61.4786446075545,1
41.17503504089819,55.843202964744606,0.2425644945380983,82.7769161919227,2
36.818768191985406,21.431740668606615,0.3510670575457244,58.30042319034222,2
40.846441801523945,40.38028912943962,0.16085306982912748,45.27743790023654,1
40.989469966440716,42.22822564777397,0.1934687149557873,17.28393396836673,1
36.047437618526885,33.359456583343345,0.22268582192482395,65.89632835343357,2
37.15572692656025,56.087483311454754,0.24332828896914338,27.23601929331958,2
36.51539651010903,19.47223323018268,0.3565965117415931,49.29143446545401,2
37.289038906093786,51.737978420012745,0.25171988719233185,41.00920306678526,2
39.23888345511686,22.320315914904832,0.1578248354554182,21.864985047959053,1
39.64211864268077,16.82145023495376,0.15818080727002531,1.4165899352473033,1
38.97982776839774,32.37803998087921,0.06052174689376857,10.564437858216936,0
40.81317077201605,39.361602562637096,0.18318992764533842,65.71427069462187,1
36.7256505479219,23.054856542432287,0.4745256152966867,8.151679336733253,2
38.690365812149686,51.22653536634358,0.2606565128289968,36.88016422071415,2
41.10667153298313,10.497530630426157,0.43939155932122714,47.49623286012746,2
41.2791692026531,14.850102290442004,0.28031024110320757,40.73319876648562,2
39.77597338293555,30.61456790677141,0.10948312780383447,29.676365838364948,1
38.861341231183104,25.475065457211336,0.07796045091639611,17.053411194390645,0
41.81704159891582,27.73705922862427,0.4993698683442148,56.127203520701194,2
40.24635603033737,33.28685574710398,0.4638794966274208,67.25784524940889,2
37.382908256387786,28.600448170528388,0.40090546252847614,68.3543801293446,2
39.4295939665588,12.996895969407277,0.14358752871526048,8.180055703124234,1
36.60991069106794,24.725358354913265,0.28584460570555,2.6115021672563743,2
37.16393471469389,18.577653240037414,0.48094697881062404,58.93059589459211,2
40.40898304734995,40.42017468845287,0.10444584529208109,84.66955838077205,1
36.896683582508956,54.103642851539924,0.33037011378441195,74.40478371923982,2
41.035107046670774,48.765675308743035,0.46500088761143094,0.6255006428412813,2
41.402204285540435,18.054272057263468,0.29119049840874695,98.71309296309309,2
41.983964984909186,22.263041658897038,0.37696328519430455,46.54246528572597,2
38.575059500479824,11.313836777506488,0.35980923691687505,80.17939300387214,2
41.6979527612255,53.19539843199155,0.368854824217971,3.781602799024797,2
40.697365859536475,51.97244466210652,0.4405870726964001,36.21323945113696,2
37.794505420072,38.45550977457644,0.18972893709464606,57.71580221235072,1
39.17935038642567,49.154369563486945,0.16503513918999946,96.59028779244025,1
39.12314457935238,47.64614730040361,0.16350903883417095,33.47966970775419,1
36.527927601563775,40.961976267400736,0.17991978196256475,29.0383843011493,1
40.90983900447623,51.98769467357339,0.32931270657762257,21.786895135440233,2
40.01513756253928,50.48748975289483,0.22938850335859523,15.976817112197539,2
41.00685030185121,59.88482960504178,0.38856395601112614,27.91136919310404,2
41.9272788934097,44.3691945680648,0.17633090934267184,28.672477876920777,1
39.63015978072773,27.271220854347845,0.17107508140946248,77.6815928153964,1
37.925806075258826,16.528984197620304,0.11581747277682447,49.19832500756895,1
40.70104355800512,55.013802116190355,0.444151934258307,49.08603541801462,2
38.25462566872998,54.51533048420495,0.287503055938859,47.81073912069137,2
38.80715768568916,13.000530406748231,0.3611038440372052,17.618501842080857,2
40.66002444381743,16.778787229195835,0.2945615050536815,74.27836575805317,2
37.044800050842575,13.012714026190688,0.31785029657704855,56.111088022834274,2
39.40801794830056,50.60616972212507,0.18861877325357584,13.943941859045495,1
36.54527963197374,27.864309776848312,0.394415969278066,30.703103550342803,2
39.66543910331219,26.549348432699617,0.16397803122184013,90.45882701619658,1
39.57073266658113,25.419306676999177,0.11227531089540572,48.7114504737023,1
36.126283530675146,28.433684904135912,0.46360945041796364,81.49850428498576,2
37.56129333907864,47.88311328997236,0.12361976552318532,70.96963935746736,1
37.90671823399283,21.533445771040576,0.11727702306293206,8.53004897647731,1
41.72259483093862,45.99103933669331,0.34372969605166903,66.86616229615812,2
38.44555347487928,31.119263350884854,0.0163188253138336,30.68276305072214,0
37.49894458968682,31.131611031080627,0.41780803520014,77.22144844597865,2
40.99582546624739,16.918777988205143,0.3863062115590621,85.1836464609192,2
37.618067894776274,45.63543225587301,0.15977741960273786,30.71845046791557,1
36.79997923278921,16.376305396292125,0.42725634457551676,0.7585711767470582,2
37.48432777975403,45.53716424997837,0.21398905009045338,67.21932172705974,2
37.56187629145778,19.237110787014718,0.1260695651009276,90.85328280386041,1
38.90823473444204,27.37295512310825,0.04647356798860295,46.750944954997266,0
39.05181770994576,30.874646358684,0.1767026663937295,20.04991624295315,1
41.42339567193932,18.058731028184567,0.23931394860296634,4.346822753318246,2
39.73670818344619,23.024449109912528,0.10543986800998945,20.27443852224693,1
39.99268754231621,53.05995180623488,0.1295756400982821,97.39555052973907,1
41.165284087633,52.28800405055236,0.4460333512288117,16.102121483372944,2
41.252895524452306,28.63964653731392,0.2450446029439679,56.59145389489828,2
37.10109767740254,19.55352438839797,0.37724465354993586,57.508241310603495,2
37.16241406091278,10.111331567660278,0.4709459986030983,3.6246287969591284,2
41.868562656929015,34.86500822318575,0.3157902141155352,6.022601951361917,2
38.34146216468865,41.285891628075916,0.10360129367508679,51.415439085905334,1
41.0439992910772,45.66493783994395,0.41595296513452445,20.62318569482523,2
36.16998587653275,57.20769626269502,0.3124394339165875,37.46208832212088,2
39.77070879278256,40.65515660858688,0.14291608409477444,33.05214740392971,1
40.734592892348104,34.07358237157187,0.46931663094092324,74.91745306086713,2
36.07692087552746,16.815141343892094,0.24819626505167003,23.275392736300248,2
36.36490374667878,41.58412275671168,0.1888156364131922,50.68698513123909,1
37.592060540052074,46.73230299420994,0.1305365285681767,26.141586326852774,1
41.10157852446875,38.1910545310917,0.1367540855031008,26.134950620998755,1
40.94001709350914,23.5189019945541,0.4259112305472631,10.372012299242073,2
40.77228130518361,38.50899853982537,0.1280287182176701,52.90222110761018,1
41.83922708543679,39.25019338092268,0.12718022392347045,44.77678506418863,1
37.37050956759035,41.88162785950343,0.1061247307043736,87.3994633695996,1
39.2883007241344,33.153707896110845,0.15073550657187465,98.18342989836883,1
37.48774637126735,17.44744154498876,0.4891726085388144,93.01313697356105,2
40.507284875192425,31.446905504431395,0.4007536094689783,76.70430438167415,2
39.825017534129536,38.83207885460848,0.12141534332326757,83.13695137365346,1
36.46351480597062,52.71681383582794,0.3372497840085308,53.92436701024339,2
38.88830935102101,17.216291400195658,0.06677874511491344,69.30503357778166,0
38.21465222468933,17.81039610606673,0.048836416084410895,13.414644341486625,0
38.63427667486056,17.22097335034193,0.056854120958822404,3.5000491505434606,0
41.230841755109225,47.40579645160154,0.3173997282992794,16.477846554968057,2
38.66934916725591,43.259819550431665,0.17454950435775876,31.651141667344728,1
38.246561594407105,21.3351418400926,0.07839135046828669,69.30126925020305,0
37.64505811400425,45.58988575490367,0.1187630876239947,67.82489802475838,1
36.87022792135602,16.29739376379561,0.3785020312874986,46.22777686812554,2
40.09268324161915,14.250913504340193,0.3071380807015671,16.384320716265222,2
39.15506403839714,40.880442306495105,0.19797720796471313,25.69659614283558,1
36.4139325566429,23.44433790453336,0.3171642298590713,24.976328311579778,2
38.085817709590735,33.338488925712966,0.09467132133198798,14.348817600811358,0
37.293758401734614,30.081750879948512,0.39055920316967285,97.86157178392038,2
39.68330482396536,13.985324738360486,0.1627385781385675,66.52628198807759,1
41.721658111116604,22.27498464941349,0.4100832449270686,33.240549294946135,2
38.267180733123425,10.057104221983801,0.44667838046376585,79.90916031272289,2
38.14397647724844,28.001008710598875,0.09446248879775611,90.45934142417418,0
37.84181618638499,11.793517515355136,0.13658305690855127,15.141640749571694,1
40.39969698723775,35.00560111604271,0.16026341354351298,54.037079537389864,1
41.32396831319205,48.180448637196854,0.24205221458032414,20.978385689451773,2
36.59145673264454,20.67337448243652,0.35611910722828777,38.98595299560639,2
41.201293487657885,10.459977753950758,0.29689809916409277,61.03758968760802,2
41.35546479755457,25.591901159290583,0.3327658100042047,68.16787842036261,2
39.9312164725277,34.99946376961678,0.10277399190759559,10.1716644212262,1
37.07933281645283,20.014416796713387,0.4579260342331878,15.04304757018552,2
41.14682436221868,23.712350447445047,0.2904535164205303,69.65802016636194,2
38.24160962191425,48.30695067465209,0.4162786425579914,24.320244106640377,2
36.24306316623244,14.89538015476283,0.2376769915401565,60.16337900182581,2
40.522084597622694,36.19758639207724,0.15397622958786925,0.9685571325953268,1
40.55823261774396,37.86618625509742,0.13054057507738615,66.71141161704536,1
41.49660532157942,35.91524915484804,0.19088956931578346,92.62953797892476,1
40.94707305911825,30.758303418871705,0.22716190855975468,6.207117700112175,2
41.72915852286643,40.846408641009205,0.16844458509300508,56.38208619563054,1
41.64846717442081,47.19617632495197,0.36918975903702406,51.186807684858906,2
38.78164772114195,34.71903619259788,0.09051696657250408,66.67558749028768,0
38.839832862856184,47.461244176655995,0.4060203344945592,42.185156331553976,2
40.84771734325399,17.259032238871974,0.30087273865845693,77.92747168081209,2
40.4809680652866,24.706529773200334,0.4662708418787628,61.329326466938205,2
39.69482608079412,33.089207162926705,0.19225816147850738,28.741781034545365,1
40.387323281181786,36.40233034947603,0.10323020866770684,12.765371164194816,1
39.13129008447543,29.08065010388646,0.10074573769827895,24.159937144106003,1
38.79485833109868,25.09749401978791,0.09965535129207309,22.023696016408646,0
37.237373965808395,43.453059747441785,0.10164230109147393,69.71019388533193,1
36.48073638819989,53.18260473003239,0.28259195503007434,98.63310151713883,2
40.70508061488242,56.684812917722134,0.2067868475489446,32.739709617550794,2
37.99115886783685,59.547372345290945,0.14313106469971795,16.948891518586617,1
40.70941332768377,37.64319494137459,0.11588041714655517,10.304898812994178,1
37.573478255127114,18.686499070007265,0.11047340478083055,99.06535838330109,1
41.27993512907677,34.79510846448744,0.3134620172640737,22.189230378859847,2
36.91212503248397,33.04176667603606,0.49737439322847216,94.21303031522947,2
38.23288270825263,25.963268173408615,0.07433247677897267,4.719165092253574,0
39.70035350064603,14.137700392155525,0.13880585606213072,36.90568656827003,1
40.015773893322574,35.79626628048622,0.1004283060742862,61.1215173502925,1
38.01914721075348,52.4275912716245,0.28241151581373025,13.421154365669885,2
38.55438856382798,11.303592340210214,0.48059642591041607,0.5324875963941711,2
41.11141078315351,28.65731171087985,0.2553050872607669,24.81402132505204,2
41.171053976442835,35.037728820871905,0.12560558470218178,83.08852009089385,1
41.99848515910992,14.534661770287496,0.21210868425149562,91.49473414441074,2
41.78681717907441,46.553669210466985,0.3120044994344999,84.88265792564998,2
39.23215796872842,21.875267336342166,0.18131438387927318,94.57345878370647,1
40.38678542315704,18.426638326588186,0.25327990765591374,10.929307514426934,2
38.56985191190763,33.18222595924409,0.051470719183754364,69.7925128480214,0
37.0965768945003,39.20655159518988,0.18134259040591663,23.854422001315346,1
38.921851550095305,48.47955666277454,0.38950002485057034,63.07240229525043,2
41.755604307801846,44.855190072702364,0.1270825603718808,19.87867459468281,1
41.45651065282524,58.054202900077556,0.38103102198855426,30.554775843389603,2
36.29927861362888,31.99471502493423,0.39916427910835695,45.651786800877645,2
38.052226741274886,46.39349155199993,0.3217844529166082,96.69766212598813,2
37.02460225769071,12.498584089662103,0.34627582994942147,71.7367765802864,2
38.276923413087125,29.32711857307351,0.03901720858551148,8.612880993050487,0
36.997191333177,29.393799576943373,0.20332693690009007,48.07035079470325,2
36.31969233441936,16.356281687161797,0.35772909003439785,21.226630433373085,2
36.32734783252589,50.47368684208292,0.4904891744635437,32.19280978397695,2
38.401844249697035,40.28900581352212,0.10591658552814127,54.15385175824209,1
39.39391232586925,46.72745059187979,0.143977150089203,88.75123025161352,1
37.34563946771699,50.530157868675175,0.2979586702331103,92.94740538773085,2
41.24646212897864,55.27403262519346,0.2848288769910937,80.3405918155683,2
37.442255749900234,33.23555532610169,0.3964146452948955,7.297940638060274,2
39.63381820291549,22.910043565163893,0.14523543620314053,68.61219280915599,1
39.35525632104657,38.87142838287812,0.16630271194384427,56.27732966610337,1
39.25472025457592,57.13873358538191,0.10379030067029955,76.81752477033275,1
40.896040636103066,44.31353543536212,0.11447183606172702,8.26780339059563,1
36.34833671795435,25.594092110958947,0.33423247682397583,18.88134700085301,2
40.92791302060786,12.32010006783942,0.2705968556455849,98.16792658535675,2
37.422037106368435,26.824302366560662,0.35192202185499366,89.13523037116593,2
39.953363879060916,20.53295491709812,0.11925542589581321,73.58858214504004,1
39.322636398795844,57.19802724145295,0.18868005648796835,91.77054930015291,1
37.21718950204872,40.393917035423705,0.13962120472398254,2.8621605525417704,1
38.39384225497552,14.743640159587237,0.4555647975656798,79.99529898227466,2
40.18537332227553,22.176821258365294,0.31526393232027183,10.866455425001753,2
36.54903593279159,44.15430370656088,0.1604166153820932,15.058308259303232,1
39.86770200343676,48.566861434016175,0.1070683121011046,15.07016382235048,1
40.935994555725856,40.98827141812572,0.19296293235391795,13.046889443276722,1
41.139592386051724,41.65880988650569,0.17921089520917471,56.46995952828318,1
36.785299065460194,14.190937264521322,0.29896645544845835,53.270893009089136,2
38.985741456437374,52.24853668897658,0.3751624074735336,51.85105236371942,2
36.95944585297957,52.82194139511993,0.42255497283522797,6.763758135649212,2
36.11647451981439,25.23129964997859,0.3760087012191264,21.18675726400686,2
38.353706812648625,21.29632819746974,0.03294054822257964,70.44959680869994,0
41.99033730884266,46.50366990181998,0.3555686861054653,31.6048515102753,2
36.9620819061025,42.98835270521715,0.10302016924030928,26.864164070329334,1
36.72468045921907,41.704648988848405,0.10857988659720508,70.58343471774103,1
41.67292102928457,21.49902819622562,0.48519457150761813,2.7578022088520115,2
36.87778025268059,52.722459742486,0.37208276293830955,24.10801714385261,2
36.83495676040726,34.28950617440676,0.43302131657348214,86.49974550810057,2
41.531928733892315,36.2814759509248,0.193874638609105,88.97638427837767,1
41.413111116254775,47.947012355792914,0.2871520130271835,57.769900142788565,2
41.76036426848452,20.36884127150759,0.3142147074506074,56.09769551069193,2
37.49919174596341,34.624990421230564,0.25275781363564076,65.70183067524981,2
40.69733141220975,40.600736505578794,0.14320363197484315,0.4920960830249621,1
41.826303565115374,38.62661002465032,0.1241872352898796,86.0329005227572,1
40.62054569221942,55.609838469155974,0.4548132084372093,31.15612692887363,2
36.01509907213299,22.119104138032817,0.21348833302114537,56.3989536311946,2
40.979943373293096,19.790186822060665,0.44249792678881317,47.853508590342976,2
39.997864038065465,54.93205506189253,0.1689967114036653,89.39009174348107,1
36.808082444276856,57.46697918194982,0.3554238122087199,20.559047917829087,2
41.89318281930264,25.85927303000267,0.352698814648137,82.83041715167414,2
36.40680377745486,17.100590042212986,0.4785614487161337,24.370076926363204,2
40.783359143559686,52.70296419878412,0.3826744350817194,66.75842713670178,2
39.037984882691326,40.278621270675075,0.10564839754945808,8.72591755747446,1
39.252292357238304,49.08556297722344,0.17847079826792792,17.805192641348143,1
41.41574340747833,29.02117036295321,0.340968974871717,92.62645226208988,2
37.18551634807536,41.209104086272745,0.19224040466112416,44.439122015865394,1
37.05977875233022,24.79816061989179,0.3443608885743063,9.032922517889652,2
38.01745122679287,44.52411438884439,0.17384330836505751,49.00689651809941,1
38.2106402403409,42.82307223313264,0.17230895909385952,85.26657890146056,1
38.25437322573873,16.177039769435446,0.04389004740557502,29.087104142932517,0
36.00468815207566,23.33077976791046,0.3807372388867941,84.3478627818081,2
37.429627200085605,34.54066471654427,0.48085007149082487,62.04626312149939,2
38.664428988839596,41.65056813959819,0.19314257045476033,23.2340407182282,1
36.26416978980518,23.741668938825562,0.30630683907592926,98.61217576678582,2
41.26992669378253,18.015276952182276,0.34810735133243004,93.46310009475577,2
37.28763030173353,41.269951734236,0.10411949381120761,15.525185023823607,1
36.41299049902228,49.36042302335026,0.2915946497028984,73.85228634467961,2
38.15864407359114,44.79337084557927,0.13553438824887432,64.52575523198708,1
40.490031692180885,52.50291601316496,0.2579007467347261,3.029985548598446,2
41.63391824225071,27.88438986578865,0.48854263752023436,14.517055716307992,2
38.47711559625149,44.17913621582481,0.19615262752511736,79.59482611493053,1
39.87358808749336,58.11788481491721,0.13850956706522266,99.43878575642248,1
39.97589813849416,44.59054245290695,0.19271494132077455,15.089075843297394,1
37.775920395174545,42.39187589010564,0.16484266617144738,58.45055770436617,1
37.98621631628327,14.62549025608931,0.1413651299457309,97.14532896602671,1
36.16609305646176,45.135056913485435,0.2921939900723146,26.02002639219928,2
41.81857406732812,23.34910450443989,0.20371235886194658,15.570714320299462,2
39.70488385249234,46.58176468669387,0.1056885833775969,17.77791368587467,1
38.08832464372309,40.22711044327908,0.1818990172733176,5.926877403125685,1
38.31588732278739,57.314106506364766,0.410313489994108,11.212807046164441,2
41.386593977613515,10.732897818372159,0.4541151874934503,10.881568526299501,2
40.606882654797,54.28155625723905,0.4691440614120208,84.86614799293044,2
40.04333793920489,45.46100950986118,0.3225138429596555,69.33823835093685,2
40.252900645701324,58.94715850791169,0.21243038124437663,54.63620788896404,2
41.45413221445878,27.3995584216458,0.34378287438361355,79.13557556750098,2
40.79886882139061,38.27373098838794,0.17704930676682457,81.73681985714786,1
36.99485773868882,52.858728157744046,0.4353947727202607,96.60499828437209,2
39.35510256442729,28.42645749375541,0.16479275754177158,92.18031585399498,1
38.38675038577896,20.667865089062424,0.07191237885035193,99.82212855049883,0
40.931360351806696,45.736664592186145,0.46617409536163407,77.00403237243897,2
38.781066177267114,29.930321952239655,0.07869086984946629,4.177944899663666,0
40.45284240385399,14.81310611043445,0.35827510553676145,8.285446220829174,2
40.487979813757825,47.4956602867503,0.3010665283899107,21.661046599828136,2
39.1089142452295,50.78439873343962,0.11047762902333208,51.23845034992084,1
38.918387907446565,20.550190427927475,0.08775933863528738,15.914315121744238,0
40.605221084428344,34.4299554816583,0.47137382060742977,18.87659600048053,2
39.76158581568862,34.01813866235624,0.178226869707857,57.971930594375266,1
40.272065195085176,25.70974275259983,0.28632968734498554,2.323376612137651,2
39.65591473693759,23.760509635582956,0.1388099917621506,94.36867405748225,1
36.29148711016642,16.54427362616987,0.44095781954153845,89.29532584714762,2
37.62724161675735,50.57142737613237,0.19138866731567103,66.99801086836717,1
38.41212184644435,24.93212688093849,0.03615537489438079,4.696230326789008,0
40.39012688050428,22.630859643890336,0.3755849800478488,26.514023563366006,2
40.06570038804033,36.20645765265361,0.1083450511707645,22.37236173680146,1
36.517757809267,49.51483623440938,0.40009693611457087,32.593040118123206,2
41.35202665199056,44.880116816211576,0.15276946906967104,42.19904753322715,1
36.44578726056595,26.07816470963868,0.3954818128929224,37.38570599523009,2
40.70991833086068,50.80364716925383,0.3375522653999782,90.7963264851525,2
37.61873018369419,40.4874901873485,0.1044626467556507,11.153136388368823,1
41.51683125453379,28.108365474726835,0.2723092543024957,82.22893532440618,2
39.58177555330675,59.76408363823275,0.11432967208187966,72.86828141551852,1
38.129554514248724,56.84112532254044,0.36751316576231086,67.96506220758467,2
37.89231576401083,29.301276487626673,0.18781333910671094,20.333780839725634,1
41.65091728275063,22.460212667517684,0.2771367228237095,71.5920219841705,2
40.80230304205453,20.913594392338112,0.2724178984913059,87.5790676649105,2
40.18165040132311,29.420475570786838,0.39182980104056897,54.39762176347106,2
40.07961247256651,13.113073175814407,0.37847232353046956,19.27430466960197,2
38.3941799699003,12.087458791763751,0.3926845646175475,35.13699376674386,2
38.649633974184376,20.234202710368585,0.03030063805389966,74.15243434178245,0
36.10553201274317,15.585466971514208,0.34205039576230134,90.6035636710532,2
36.80198288262908,12.386479156309601,0.3001294121910011,48.589029830076235,2
40.30836412014388,33.55843656972786,0.25956915700422034,81.80382652759384,2
36.42826898983033,45.31930231185096,0.4647227944634721,30.997682005279735,2
41.46222913938854,44.144592203492216,0.1639794378277272,90.51736681247388,1
41.23962132113715,18.330131268983095,0.21386751404135612,40.427546632074375,2
36.8370734807487,25.570775749327446,0.4979528415521626,81.224773900376,2
39.28152283040555,47.76385822530155,0.1869017122254215,30.707272049134726,1
37.51697553533044,57.92904804912699,0.1375543848421974,2.865201105246007,1
37.26205584381092,12.533238591016268,0.4899431736617256,72.9841432014892,2
41.07450009194374,51.960176293584965,0.4470219920196254,7.47198047865385,2
36.03124688406071,19.52223051826564,0.37932869970861216,50.32199758486858,2
37.703891377290574,58.43713184926423,0.12252970114751915,50.22568018025228,1
40.95044879814442,27.339811295680207,0.4103347406503699,77.04460823210798,2
40.22086168638412,29.22199676087183,0.45051186091047457,84.21664146501573,2
36.41817071941338,19.411871899050062,0.46179397062424954,5.065133948407208,2
37.11018541816991,40.315165542513206,0.13920138800322857,34.566424512864145,1
41.19944940270786,42.89304049275853,0.1653664561203133,56.49229148548449,1
40.327539516921114,42.4015452179534,0.16950498469535497,10.230460232832716,1
39.87418603246404,34.25503769541609,0.1637634224381969,41.710229215395124,1
38.11540042434264,28.80459209598638,0.034258253425176244,96.90674133205597,0
37.6500958758432,23.659602832663264,0.11566130395591387,87.29172439996266,1
39.086369640437105,26.338918464943657,0.11288453598000019,96.3228419851132,1
38.61790289343366,50.78265147063768,0.3248918237236,13.620076953256731,2
41.34908558274947,32.177747772149814,0.26081265158904116,35.81193193446828,2
39.182858652686534,11.77173246140397,0.18774793117164162,89.82388861239168,1
36.79420201232634,10.522462133708707,0.24037960819315263,82.93540496411053,2
41.09393609954265,33.801930266269125,0.39999076676805,35.84079348045868,2
36.5409396749082,42.96941467959446,0.18743563778728664,53.08243714444403,1
37.64287421917519,31.401809254262595,0.10902908333665222,90.0182948412959,1
37.38705891563899,44.4259163789654,0.18874554075182248,70.70387254519504,1
37.438994974794326,16.75827375657402,0.219501327786306,46.87760311022199,2
37.516126040578364,58.98507352305561,0.11582197852586569,30.85040551657515,1
41.49566957227724,43.09792418999161,0.11133421661156988,39.35487742609818,1
38.25878407682825,47.00726862321904,0.2951111385379931,29.210392175083545,2
40.0032627363274,43.42605267808001,0.1640302685513922,4.919679503233554,1
36.82947269879162,15.890172189944836,0.2798430973589534,60.49334166910548,2
41.45027530158953,11.646520309334537,0.3586772087482659,4.257890447050883,2
37.04748527105749,58.22153576803745,0.3404028636349655,29.229422710086983,2
39.323002510907415,40.898647338414044,0.1505903097044981,79.69890108993278,1
36.04096407997925,44.27090577473411,0.15242359482663514,29.103677675052396,1
41.97925330299043,35.99760483651405,0.14980154714702426,18.274920839229146,1
39.569102145317316,13.468509236121186,0.15271408002397235,67.88912657065764,1
40.062830219928706,46.57727432881647,0.425102180850488,85.95953437325029,2
41.46746556328079,54.23197235000686,0.20514499563643943,63.464562305371395,2
40.20660369041546,35.345117050398656,0.195837564331557,85.5155067127627,1
40.70734429452829,32.619409073249756,0.2466383782675905,24.177580257702502,2
38.311230265647254,48.8745772774429,0.49911901404644604,78.93659965270608,2
36.81244107748599,26.543485567326393,0.22972211350302643,55.61267350156469,2
41.427802524691806,36.875492739101574,0.1519347591211091,87.4897261192844,1
37.191928749316084,58.57598591226583,0.31251284144031655,68.38284387315466,2
37.59854412890829,52.168039424259184,0.17481597947821323,46.6951903527236,1
37.81754915704889,29.318551068953727,0.19914815984032588,18.389760117789812,1
41.58702664512212,55.82567174301816,0.3083775215323679,60.17469393929542,2
38.68601758452138,47.25736971585749,0.4042410837008337,67.58604453657102,2
40.09651768791124,42.40944606975172,0.12969806342027212,88.07909832091693,1
40.05489101119046,18.77374014423608,0.3939720904347783,29.768996181417716,2
36.12580946617362,56.869892763748155,0.3179520902972389,89.69216575585502,2
40.78119756558103,42.04785959569202,0.16112231087922407,58.9278466748061,1
38.087166327162954,43.04894950812115,0.10206333024571751,64.25069441014995,1
36.07287642885212,32.04490372600591,0.3820528610383088,95.36254832683467,2
40.49912087701307,48.33442812564209,0.22413439108468255,42.49327859825674,2
41.018636697788295,35.584848969148595,0.1342487879728804,76.69752084269103,1
41.36517725784571,51.653086909193846,0.4653452111797953,14.322868157687507,2
40.97434464236444,46.222079441632815,0.42668415490155953,58.54801931893184,2
39.4561214852397,27.246944898972405,0.19043813179731328,30.06289584807671,1
39.45930951473176,11.053051970849445,0.19084096550797564,18.65754801090779,1
40.84013317255754,15.164862212755573,0.432983794635571,25.17586460210198,2
40.071228650439046,12.635750809751048,0.3653770541478485,3.7537066862860846,2
38.07996955053566,12.518697674385233,0.4144951388028363,70.2566138715777,2
36.5792504275223,32.533292168038386,0.44769820146523687,3.6302919413066514,2
41.88228458870093,43.334030273647656,0.17123060965498213,43.811683712650485,1
39.98137101719284,18.225744059894897,0.16108404002499105,63.91872174989801,1
41.36909172081035,36.898047403119214,0.1306406762831543,11.855731213345166,1
39.83731198898627,22.446300723093707,0.11251769916117166,94.94686140672167,1
36.84547408126063,46.853815029025625,0.30836444826082166,86.43959810369415,2
37.17685923151587,21.311495400480787,0.26150642538434876,3.8903884726077087,2
37.75673707394577,59.3689371309647,0.17838302792667432,92.56818221724193,1
40.642159497141144,57.031836110441304,0.2978191011195171,56.70418854058159,2
36.5032648080042,48.00325345609451,0.27968442824812756,29.375791680869725,2
37.02507057659395,40.941110789564014,0.15480035393063185,41.18544241498376,1
39.03728660997599,18.861425418082003,0.17956663838557416,71.29499232733801,1
39.934196473771436,19.71598016852479,0.19229926017835325,55.61801255650066,1
41.04945661888062,57.97110413782211,0.43854557670187466,96.05213340815234,2
38.645725040696426,21.960982999787525,0.06434145398041494,63.9436259957508,0
40.76865751378831,11.682010777145305,0.36335170467019806,42.29631114409893,2
36.68002017107921,13.704169392867858,0.3049798098974834,59.018459573344195,2
36.784366727441025,27.40554893163025,0.48502257105635427,22.718646401443763,2
39.80918060934206,50.49229628844323,0.1090596007863758,59.3469581930494,1
41.19734454097669,59.44824649118525,0.47745850234960213,67.07968650967426,2
39.53879068434324,30.450728513377097,0.19660279224959223,10.970123820690281,1
36.01865716913184,25.236000829211875,0.27534223020128834,88.32295509406006,2
41.24637742599252,28.710922475373337,0.3814239941975338,49.95029176023094,2
36.72816826502634,17.093953407355848,0.3374656856743834,68.55422467602327,2
36.47441942525713,56.56604978751409,0.43750229743545715,1.873665773906652,2
40.61833102955296,56.11946612872187,0.4648816607426872,6.782595874349628,2
40.34678224442356,50.92710805237654,0.4501619813453256,12.115851201470173,2
38.85294862008422,51.377876423865956,0.39484545958959627,37.62988832570583,2
41.38548325117556,53.506062869214055,0.29077997945821776,24.465667271009938,2
39.70574576983177,45.42840267598263,0.13277395736537734,29.143830886260112,1
36.17957278973197,39.350348718684614,0.10689339035154927,72.78546070993856,1
38.85024436664751,43.42261578116667,0.13338276832565188,39.7462742012963,1
38.107001373969496,11.354179569924053,0.4134578194152392,94.76293024624279,2
40.229366758389766,34.24201556464419,0.28196544355470343,9.822399887523058,2
38.76770121829331,58.08909519743985,0.2504806143798236,54.88106709216582,2
40.96040932865919,33.328438255800236,0.22522356801482643,51.11952454977581,2
37.295835958602275,14.048953762539082,0.3694347679445607,56.62508955827461,2
36.22443194210935,53.58022281844149,0.3771784659711087,86.32726359885098,2
36.00038854159734,29.48801937524446,0.4948718352109668,50.13597163737877,2
39.843638630185666,16.515025946344004,0.172707927793605,12.50973741225373,1
39.357366227265885,40.97890280575142,0.10547789372386027,56.5055925430546,1
39.67846750500645,19.803802403215656,0.12191576301115885,20.753898555878724,1
38.41677177497336,52.22051250532182,0.3773276514081667,36.21648591200298,2
38.116941341334964,24.84158091377826,0.07091681980671763,38.338582940416984,0
36.88102616184106,11.794863383779994,0.43619316236849265,35.0944246340814,2
40.68619951453268,25.85366168358427,0.4229199558647846,39.34430833603956,2
40.574106532307326,27.4003230083087,0.23861125599891753,82.85408273383919,2
41.4473977218217,36.898282148713434,0.12931368268578505,32.778887629021604,1
39.69237012079618,32.9504229695306,0.19409291906396192,43.47479405826725,1
40.377992191586074,28.00407793239322,0.39084238396164517,72.59569128175248,2
39.28211444199734,36.09814742115251,0.12176561812862564,50.37229525403131,1
39.467557900013,36.626311419953055,0.18242566581660677,74.10251527511902,1
38.61165017427831,15.41545627929242,0.05951293097713155,5.167134904723747,0
38.745880857286906,56.07678432361324,0.4980621926572375,3.973961855565722,2
36.697429795251004,59.28715080246488,0.29150521159675435,62.721999638651994,2
38.71674772541107,32.09656243227603,0.08340179194644326,51.86209577872415,0
41.84117278531379,50.61940280669544,0.3136324286893591,60.94708290082919,2
37.045976310076355,13.402212541828392,0.2859608348020557,44.76641937911675,2
39.9685554265755,21.84322212255264,0.16532712491680002,82.588097164142,1
36.399299890544604,21.91195438988011,0.33215694683635033,25.847804542735265,2
40.29688479731465,25.11643150226182,0.2998139866995582,6.126600916456971,2
40.79655975936441,27.656354162662346,0.47722451293856144,15.266891305485286,2
41.80805233688034,25.324739732088638,0.26827817566113543,54.386755785888695,2
38.8262500449938,23.76320778656453,0.08496457917117824,44.02525799439427,0
40.44296100923448,32.97817308577183,0.4622357966949835,9.322198171719165,2
37.14714740789168,43.54858767039552,0.179900028934774,68.30644203183765,1
39.739008034217036,26.90134291673323,0.19235368760017224,80.28379132850509,1
39.75912614721914,51.41426751575486,0.15357650112346485,50.28515698502291,1
41.08151101064425,42.931956430801876,0.15884117454887767,94.89335938974752,1
40.626745461798926,31.166122235332946,0.35011697135476005,50.143315456697714,2
37.42264432612716,10.730226754364338,0.3288731980505538,62.47895636419478,2
37.57873157260353,10.662001948548308,0.1921207748962762,88.38845252276148,1
40.34214822321534,18.992319056230425,0.22363456595682613,79.63604824646836,2
39.850775001678464,16.02923921797105,0.1344531112015252,62.75140233937938,1
41.22137505410836,25.066884934978336,0.3390829793421259,7.183777753349374,2
37.42992123451866,50.24211504664017,0.34991794861571246,3.4450523005462474,2
39.37269413794469,31.88116056069479,0.16393163337091088,76.22563329721305,1
37.92150071352518,12.701940845035278,0.11918857279614552,86.57694515145137,1
39.611760096048684,20.368851170106595,0.10197897819236061,71.9959633338077,1
40.52009716466567,44.33784424470831,0.17555874999449317,41.51067989741145,1
39.273069218271885,20.19697169982221,0.10538740603114723,6.241814238258748,1
36.4919477325962,55.9459271137815,0.4713568482382081,33.48925047164201,2
39.2809442996649,18.86999476576808,0.12458240209152777,35.11373475101597,1
41.095537345308436,59.29876665700855,0.4969553430281309,42.27588198792449,2
38.3372144709747,58.30379443902733,0.20396456017012826,62.29349683676244,2
39.768543899704405,39.63912999570492,0.1281227120672401,22.65761443946902,1
41.78433970817113,14.601563010005112,0.4817419914058302,82.07847733995698,2
38.8183527257987,52.99208577645235,0.4327157226416155,47.45020618894225,2
39.24888360787674,36.97656928532761,0.1501103157398058,30.388374029881128,1
38.254911035236304,15.745670100521533,0.015648244207580698,93.11592010957813,0
37.35483460204376,55.158175741458265,0.3856302850405291,37.16731252137014,2
38.31625699886133,26.920314371068812,0.05112225199115461,22.514791118701183,0
36.92485410000456,29.941013903772287,0.23194629422949276,80.52186229522373,2
37.770825327039454,25.31064441271084,0.1261362507913087,14.4108176294098,1
36.65746987434635,21.53661197281292,0.37642761329729224,15.889384065001577,2
39.5467325005451,29.86832837532188,0.122297080083928,85.23112366909714,1
36.15013702695977,47.65477689488942,0.38643340118546116,19.250613562849438,2
40.5867944658221,32.1173948761696,0.2379258293626474,80.2382016291908,2
40.862681035550516,10.736512486507168,0.3503953882788754,63.1386527620435,2
41.05606426700318,49.032910192622424,0.3869989411524055,40.91921595806254,2
38.0156238375014,39.77922927564579,0.14101517154628274,52.30055605090138,1
36.62712423998215,10.973261392664659,0.2981008485154421,86.68938100735343,2
39.53300966182677,39.00193763837043,0.17489979796463184,0.9731883172208522,1
37.64095367305033,35.667452682759716,0.16171742735801864,17.2229598837895,1
40.71411611791315,32.529513139315526,0.31855665417534396,11.3483128566651,2
41.80147081942111,31.341110712616178,0.22232877204968604,14.147123906127035,2
37.89388036523242,19.838422082659456,0.15145826567284654,54.54280128369504,1
38.27831492356021,19.41320600828967,0.01909344127396393,5.096013547493216,0
39.85865748428669,25.956179681248855,0.13902329501753988,26.42817718876046,1
41.130185185031905,35.469664583159016,0.11323175597823744,3.5252188148045094,1
41.2944630409469,18.462590152798235,0.40227115664257074,47.7934580882146,2
37.9231609902794,15.452867825467589,0.14103536103321257,14.611406289222973,1
40.15919893453512,23.2600041939029,0.33571153054902936,62.62140350305565,2
36.446190699060125,52.71051237392557,0.25339786330311265,50.48985906699486,2
39.908227212973685,22.066516854839925,0.15714527316698404,53.16530336590488,1
41.62305316976328,19.24365403547095,0.3752416694822589,8.939077886773216,2
39.73561054980655,56.807203676863764,0.10911251747037864,53.98620182463163,1
41.64634808150409,55.5704102102976,0.42430981055131856,71.60417522305661,2
40.82076566136191,54.57404717840854,0.42621500774513693,0.06625581970453043,2
38.13797474579254,25.175360200820315,0.09668509578227068,30.824616539975914,0
37.47258303615012,48.26354521518675,0.39586494966033003,13.175471507883895,2
40.467413343571906,22.82751377352997,0.38404560884053823,25.050109789359844,2
40.62554486761308,45.6982306045224,0.32239453872202706,43.70771765359428,2
36.9087353484298,56.862668408920804,0.42955927182738934,64.77682848944916,2
37.466207343994014,23.168135391865714,0.3652506588873572,96.17612941654174,2
36.08017031842759,45.82361593852679,0.2891627541918349,26.808182279339533,2
40.7421614858159,21.877926948595487,0.42029187013988084,10.424084784939481,2
40.2286494934104,16.682872257771336,0.23560549021097507,38.1838642551238,2
40.26299440502933,39.9321165306718,0.14365262927815192,25.54622075879346,1
37.9521667926514,25.75701352268156,0.17770350535607535,56.555995937140246,1
37.92054678423657,32.63972604879748,0.17498164862135174,73.7545929761032,1
36.80899514476965,46.99631021875185,0.23063122359504748,99.59708299123443,2
41.96456450810544,41.85688059660452,0.11296837209398719,43.806592897872434,1
40.359573055428505,55.65763803072216,0.3433962287409735,48.28293767790598,2
37.31898340465505,24.905198213423894,0.31921731799054476,46.59692091750885,2